date,ID,Day,T_T_TIME,T_TOTAL_DISTANCE,T_HIGH_INTENSITY_DISTANCE,T_SPRINT_DISTANCE,T_PLAYER_LOAD,T_HEART_RATE_EXERTION,T_ACC_DEC_LOAD,T_PEAK_SPEED,T_HRE_PL_LOAD,T_VOLUME_STATUS,T_INTENSITY_STATUS,T_VOLUME_RATIO,T_INTENSITY_RATIO,T_MONOTONY_VOLUME,T_MONOTONY_INTENSITY,Game,Result,Game_and_Result,Scorers,G_HI_IP_m,G_HI_IP_m_pc,G_HI_IP_m_min,G_HI_OP_m,G_HI_OP_m_pc,G_HI_OP_m_min,G_HID_m,G_HID_m_min,G_IP_mins,G_MINS,G_OP_mins,G_SPR_m,G_SPR_m_min,G_TD_m,G_TD_m_min,G_TD_IP_m,G_TD_IP_m_pc,G_TD_IP_m_min,G_TD_OP_m,G_TD_OP_m_pc,G_TD_OP_m_min,matchPeriods,GameYN,NDs,sleep,muscleSoreness,pExertion,wellbeing,ACUTE_LOAD,CHRONIC_LOAD,SQUAD_LOAD,SQUAD_STAN_DEV
30/06/2014,17,1,0,0,0,0,0,0,0,0,0,0,0,0,0,0,0,MANCHESTER CITY_H_League,L 0-2,MANCHESTER CITY_H_League L 0-2,,56.6,1.2,18.9,56.4,1.1,14.1,124.8,0,3,11,4,61,0,1405.8,0,534.7,11.1,178.2,553.8,10.7,138.5,0,0,0,6.04,2,5,15.77291893,0,0,0,0
01/07/2014,17,2,0,0,0,0,0,0,0,0,0,0,0,0,0,0,0,MANCHESTER CITY_H_League,L 0-2,MANCHESTER CITY_H_League L 0-2,,56.6,1.2,18.9,56.4,1.1,14.1,124.8,0,3,11,4,61,0,1405.8,0,534.7,11.1,178.2,553.8,10.7,138.5,0,0,1,7.71,5,3,15.2527607,0,0,7,28
02/07/2014,17,3,0,0,0,0,0,0,0,0,0,0,0,0,0,0,0,MANCHESTER CITY_H_League,L 0-2,MANCHESTER CITY_H_League L 0-2,,56.6,1.2,18.9,56.4,1.1,14.1,124.8,0,3,11,4,61,0,1405.8,0,534.7,11.1,178.2,553.8,10.7,138.5,0,0,2,6.31,4,3,13.14278625,0,0,13,47
03/07/2014,17,4,0,0,0,0,0,0,0,0,0,0,0,0,0,0,0,MANCHESTER CITY_H_League,L 0-2,MANCHESTER CITY_H_League L 0-2,,56.6,1.2,18.9,56.4,1.1,14.1,124.8,0,3,11,4,61,0,1405.8,0,534.7,11.1,178.2,553.8,10.7,138.5,0,0,3,6.73,3,2,15.95806045,0,0,13,47
04/07/2014,17,5,0,0,0,0,0,0,0,0,0,0,0,0,0,0,0,MANCHESTER CITY_H_League,L 0-2,MANCHESTER CITY_H_League L 0-2,,56.6,1.2,18.9,56.4,1.1,14.1,124.8,0,3,11,4,61,0,1405.8,0,534.7,11.1,178.2,553.8,10.7,138.5,0,0,4,6.68,6,7,14.85806846,0,0,13,47
05/07/2014,17,6,0,0,0,0,0,0,0,0,0,0,0,0,0,0,0,MANCHESTER CITY_H_League,L 0-2,MANCHESTER CITY_H_League L 0-2,,56.6,1.2,18.9,56.4,1.1,14.1,124.8,0,3,11,4,61,0,1405.8,0,534.7,11.1,178.2,553.8,10.7,138.5,0,0,5,5.48,1,9,14.33130165,0,0,13,47
06/07/2014,17,7,0,0,0,0,0,0,0,0,0,0,0,0,0,0,0,MANCHESTER CITY_H_League,L 0-2,MANCHESTER CITY_H_League L 0-2,,56.6,1.2,18.9,56.4,1.1,14.1,124.8,0,3,11,4,61,0,1405.8,0,534.7,11.1,178.2,553.8,10.7,138.5,0,0,6,6.47,9,8,11.883408,0,0,13,47
07/07/2014,17,8,0,0,0,0,0,0,0,0,0,0,0,0,0,0,0,MANCHESTER CITY_H_League,L 0-2,MANCHESTER CITY_H_League L 0-2,,56.6,1.2,18.9,56.4,1.1,14.1,124.8,0,3,11,4,61,0,1405.8,0,534.7,11.1,178.2,553.8,10.7,138.5,0,0,7,6.87,4,5,13.22702325,0,0,64,77
08/07/2014,17,9,0,0,0,0,0,0,0,0,0,0,0,0,0,0,0,MANCHESTER CITY_H_League,L 0-2,MANCHESTER CITY_H_League L 0-2,,56.6,1.2,18.9,56.4,1.1,14.1,124.8,0,3,11,4,61,0,1405.8,0,534.7,11.1,178.2,553.8,10.7,138.5,0,0,8,5,1,6,13.85907973,0,0,116,107
09/07/2014,17,10,0,0,0,0,0,0,0,0,0,0,0,0,0,0,0,MANCHESTER CITY_H_League,L 0-2,MANCHESTER CITY_H_League L 0-2,,56.6,1.2,18.9,56.4,1.1,14.1,124.8,0,3,11,4,61,0,1405.8,0,534.7,11.1,178.2,553.8,10.7,138.5,0,0,9,6.55,6,3,13.32510334,0,0,118,108
10/07/2014,17,11,0,0,0,0,0,0,0,0,0,0,0,0,0,0,0,MANCHESTER CITY_H_League,L 0-2,MANCHESTER CITY_H_League L 0-2,,56.6,1.2,18.9,56.4,1.1,14.1,124.8,0,3,11,4,61,0,1405.8,0,534.7,11.1,178.2,553.8,10.7,138.5,0,0,10,4.7,7,4,10.82599253,0,0,188,171
11/07/2014,17,12,0,0,0,0,0,0,0,0,0,0,0,0,0,0,0,MANCHESTER CITY_H_League,L 0-2,MANCHESTER CITY_H_League L 0-2,,56.6,1.2,18.9,56.4,1.1,14.1,124.8,0,3,11,4,61,0,1405.8,0,534.7,11.1,178.2,553.8,10.7,138.5,0,0,11,7.81,5,3,10.88401458,0,0,252,232
12/07/2014,17,13,0,0,0,0,0,0,0,0,0,0,0,0,0,0,0,MANCHESTER CITY_H_League,L 0-2,MANCHESTER CITY_H_League L 0-2,,56.6,1.2,18.9,56.4,1.1,14.1,124.8,0,3,11,4,61,0,1405.8,0,534.7,11.1,178.2,553.8,10.7,138.5,0,0,12,7.02,8,5,10.83435928,0,0,252,232
13/07/2014,17,14,0,0,0,0,0,0,0,0,0,0,0,0,0,0,0,MANCHESTER CITY_H_League,L 0-2,MANCHESTER CITY_H_League L 0-2,,56.6,1.2,18.9,56.4,1.1,14.1,124.8,0,3,11,4,61,0,1405.8,0,534.7,11.1,178.2,553.8,10.7,138.5,0,0,13,7.8,1,4,17.90523306,0,0,306,281
14/07/2014,17,15,0,0,0,0,0,0,0,0,0,0,0,0,0,0,0,MANCHESTER CITY_H_League,L 0-2,MANCHESTER CITY_H_League L 0-2,,56.6,1.2,18.9,56.4,1.1,14.1,124.8,0,3,11,4,61,0,1405.8,0,534.7,11.1,178.2,553.8,10.7,138.5,0,0,14,4.96,1,6,15.05307892,0,0,302,281
15/07/2014,17,16,0,0,0,0,0,0,0,0,0,0,0,0,0,0,0,MANCHESTER CITY_H_League,L 0-2,MANCHESTER CITY_H_League L 0-2,,56.6,1.2,18.9,56.4,1.1,14.1,124.8,0,3,11,4,61,0,1405.8,0,534.7,11.1,178.2,553.8,10.7,138.5,0,0,15,5.47,3,5,12.09364693,0,0,293,281
16/07/2014,17,17,0,0,0,0,0,0,0,0,0,0,0,0,0,0,0,MANCHESTER CITY_H_League,L 0-2,MANCHESTER CITY_H_League L 0-2,,56.6,1.2,18.9,56.4,1.1,14.1,124.8,0,3,11,4,61,0,1405.8,0,534.7,11.1,178.2,553.8,10.7,138.5,0,0,16,5.68,8,7,12.68854688,0,0,286,283
17/07/2014,17,18,0,0,0,0,0,0,0,0,0,0,0,0,0,0,0,MANCHESTER CITY_H_League,L 0-2,MANCHESTER CITY_H_League L 0-2,,56.6,1.2,18.9,56.4,1.1,14.1,124.8,0,3,11,4,61,0,1405.8,0,534.7,11.1,178.2,553.8,10.7,138.5,0,0,17,4.95,2,8,15.98154733,0,0,266,268
18/07/2014,17,19,0,0,0,0,0,0,0,0,0,0,0,0,0,0,0,MANCHESTER CITY_H_League,L 0-2,MANCHESTER CITY_H_League L 0-2,,56.6,1.2,18.9,56.4,1.1,14.1,124.8,0,3,11,4,61,0,1405.8,0,534.7,11.1,178.2,553.8,10.7,138.5,0,0,18,6.13,5,4,14.49589123,0,0,232,243
19/07/2014,17,20,0,0,0,0,0,0,0,0,0,0,0,0,0,0,0,MANCHESTER CITY_H_League,L 0-2,MANCHESTER CITY_H_League L 0-2,,56.6,1.2,18.9,56.4,1.1,14.1,124.8,0,3,11,4,61,0,1405.8,0,534.7,11.1,178.2,553.8,10.7,138.5,0,0,19,7.52,4,2,11.29335377,0,0,232,243
20/07/2014,17,21,0,0,0,0,0,0,0,0,0,0,0,0,0,0,0,MANCHESTER CITY_H_League,L 0-2,MANCHESTER CITY_H_League L 0-2,,56.6,1.2,18.9,56.4,1.1,14.1,124.8,0,3,11,4,61,0,1405.8,0,534.7,11.1,178.2,553.8,10.7,138.5,0,0,20,6.26,8,9,13.94522747,0,0,178,191
21/07/2014,17,22,90,6500,250,100,650,140,300,28,2.2,9,7,100,1,0.4,0.4,MANCHESTER CITY_H_League,L 0-2,MANCHESTER CITY_H_League L 0-2,,56.6,1.2,18.9,56.4,1.1,14.1,124.8,0,3,11,4,61,0,1405.8,0,534.7,11.1,178.2,553.8,10.7,138.5,0,0,21,5.16,3,4,14.73152476,92,23,181,177
22/07/2014,17,23,35,4646,95,50,621,97,193,30,1.6,16,10,100,1,0.6,0.5,MANCHESTER CITY_H_League,L 0-2,MANCHESTER CITY_H_League L 0-2,,56.6,1.2,18.9,56.4,1.1,14.1,124.8,0,3,11,4,61,0,1405.8,0,534.7,11.1,178.2,553.8,10.7,138.5,0,0,22,4.94,9,5,10.81217859,181,45,194,185
23/07/2014,17,24,0,0,0,0,0,0,0,0,0,16,10,100,1,0.6,0.5,MANCHESTER CITY_H_League,L 0-2,MANCHESTER CITY_H_League L 0-2,,56.6,1.2,18.9,56.4,1.1,14.1,124.8,0,3,11,4,61,0,1405.8,0,534.7,11.1,178.2,553.8,10.7,138.5,0,0,23,6.14,5,5,9.456564066,181,45,194,185
24/07/2014,17,25,83,7718,126,32,870,83,446,28,1,27,14,100,1,0.8,0.7,MANCHESTER CITY_H_League,L 0-2,MANCHESTER CITY_H_League L 0-2,,56.6,1.2,18.9,56.4,1.1,14.1,124.8,0,3,11,4,61,0,1405.8,0,534.7,11.1,178.2,553.8,10.7,138.5,0,0,24,6.55,6,1,12.81808399,305,76,194,194
25/07/2014,17,26,78,5676,352,137,679,78,313,26,1.2,35,24,100,1,1,0.9,MANCHESTER CITY_H_League,L 0-2,MANCHESTER CITY_H_League L 0-2,,56.6,1.2,18.9,56.4,1.1,14.1,124.8,0,3,11,4,61,0,1405.8,0,534.7,11.1,178.2,553.8,10.7,138.5,0,0,25,4.97,6,6,14.10869504,402,100,221,198
26/07/2014,17,27,97,7849,417,186,906,98,488,31,1.1,47,36,80,0.8,1.4,1.1,MANCHESTER CITY_H_League,L 0-2,MANCHESTER CITY_H_League L 0-2,,56.6,1.2,18.9,56.4,1.1,14.1,124.8,0,3,11,4,61,0,1405.8,0,534.7,11.1,178.2,553.8,10.7,138.5,0,0,26,5.86,7,4,15.87562175,532,133,277,254
27/07/2014,17,28,0,0,0,0,0,0,0,0,0,47,36,66,0.7,1.4,1.1,MANCHESTER CITY_H_League,L 0-2,MANCHESTER CITY_H_League L 0-2,,56.6,1.2,18.9,56.4,1.1,14.1,124.8,0,3,11,4,61,0,1405.8,0,534.7,11.1,178.2,553.8,10.7,138.5,0,0,27,7.95,3,1,14.51648635,532,133,277,254
28/07/2014,17,29,0,0,0,0,0,0,0,0,0,47,36,66,0.7,1,0.8,MANCHESTER CITY_H_League,L 0-2,MANCHESTER CITY_H_League L 0-2,,56.6,1.2,18.9,56.4,1.1,14.1,124.8,0,3,11,4,61,0,1405.8,0,534.7,11.1,178.2,553.8,10.7,138.5,0,0,28,4.41,7,8,12.80728044,439,133,226,215
29/07/2014,17,30,87,5270,297,51,625,88,410,27,1.4,54,45,50,0.7,1,0.9,MANCHESTER CITY_H_League,L 0-2,MANCHESTER CITY_H_League L 0-2,,56.6,1.2,18.9,56.4,1.1,14.1,124.8,0,3,11,4,61,0,1405.8,0,534.7,11.1,178.2,553.8,10.7,138.5,0,0,29,7.4,6,2,14.74810053,440,155,207,180
30/07/2014,17,31,73,7980,279,75,990,94,421,27,0.9,66,53,46,0.5,1.4,1.2,MANCHESTER CITY_H_League,L 0-2,MANCHESTER CITY_H_League L 0-2,,56.6,1.2,18.9,56.4,1.1,14.1,124.8,0,3,11,4,61,0,1405.8,0,534.7,11.1,178.2,553.8,10.7,138.5,0,0,30,6,4,5,12.14075131,581,190,278,214
31/07/2014,17,32,0,0,0,0,0,0,0,0,0,66,53,29,0.3,1,1,MANCHESTER CITY_H_League,L 0-2,MANCHESTER CITY_H_League L 0-2,,56.6,1.2,18.9,56.4,1.1,14.1,124.8,0,3,11,4,61,0,1405.8,0,534.7,11.1,178.2,553.8,10.7,138.5,0,0,31,6.3,1,4,14.22283093,457,190,233,160
01/08/2014,17,33,71,4359,37,0,523,71,203,23,1.4,72,54,35,0.3,1,0.8,MANCHESTER CITY_H_League,L 0-2,MANCHESTER CITY_H_League L 0-2,,56.6,1.2,18.9,56.4,1.1,14.1,124.8,0,3,11,4,61,0,1405.8,0,534.7,11.1,178.2,553.8,10.7,138.5,0,0,32,6.92,5,2,13.49552585,434,209,226,165
02/08/2014,17,34,46,5750,184,92,575,0,230,28,0,80,60,42,0.4,1,0.8,MANCHESTER CITY_H_League,L 0-2,MANCHESTER CITY_H_League L 0-2,,56.6,1.2,18.9,56.4,1.1,14.1,124.8,0,3,11,4,61,0,1405.8,0,534.7,11.1,178.2,553.8,10.7,138.5,0,0,33,6.12,9,3,8.699497971,387,229,228,169
03/08/2014,17,35,11,1375,44,22,138,0,55,28,0,82,61,34,0.3,1.1,0.9,MANCHESTER CITY_H_League,L 0-2,MANCHESTER CITY_H_League L 0-2,,56.6,1.2,18.9,56.4,1.1,14.1,124.8,0,3,11,4,61,0,1405.8,0,534.7,11.1,178.2,553.8,10.7,138.5,0,0,34,6.38,5,6,14.74621319,407,234,285,200
04/08/2014,17,36,59,4235,7,0,519,60,232,22,1.2,79,54,29,0.1,1.5,0.9,MANCHESTER CITY_H_League,L 0-2,MANCHESTER CITY_H_League L 0-2,,56.6,1.2,18.9,56.4,1.1,14.1,124.8,0,3,11,4,61,0,1405.8,0,534.7,11.1,178.2,553.8,10.7,138.5,0,0,35,7.67,5,9,14.25078306,481,253,309,199
05/08/2014,17,37,18,2583,137,69,280,46,136,32,1.7,76,55,35,0.2,1.4,0.9,MANCHESTER CITY_H_League,L 0-2,MANCHESTER CITY_H_League L 0-2,,56.6,1.2,18.9,56.4,1.1,14.1,124.8,0,3,11,4,61,0,1405.8,0,534.7,11.1,178.2,553.8,10.7,138.5,0,0,36,5.77,2,3,15.38540323,432,263,332,209
06/08/2014,17,38,0,0,0,0,0,0,0,0,0,76,55,26,0.2,1.2,0.8,MANCHESTER CITY_H_League,L 0-2,MANCHESTER CITY_H_League L 0-2,,56.6,1.2,18.9,56.4,1.1,14.1,124.8,0,3,11,4,61,0,1405.8,0,534.7,11.1,178.2,553.8,10.7,138.5,0,0,37,5.2,8,3,14.89437592,290,263,263,158
07/08/2014,17,39,0,0,0,0,0,0,0,0,0,65,51,18,0.1,1.2,0.8,MANCHESTER CITY_H_League,L 0-2,MANCHESTER CITY_H_League L 0-2,,56.6,1.2,18.9,56.4,1.1,14.1,124.8,0,3,11,4,61,0,1405.8,0,534.7,11.1,178.2,553.8,10.7,138.5,0,0,38,6.22,5,5,14.41530993,290,263,270,156
08/08/2014,17,40,86,5642,174,21,624,87,421,27,1.4,65,46,28,0.2,1.1,0.9,MANCHESTER CITY_H_League,L 0-2,MANCHESTER CITY_H_League L 0-2,,56.6,1.2,18.9,56.4,1.1,14.1,124.8,0,3,11,4,61,0,1405.8,0,534.7,11.1,178.2,553.8,10.7,138.5,0,0,39,6.37,8,4,13.95939103,305,285,307,160
09/08/2014,17,41,0,0,0,0,0,0,0,0,0,54,34,22,0.3,0.9,0.7,MANCHESTER CITY_H_League,L 0-2,MANCHESTER CITY_H_League L 0-2,,56.6,1.2,18.9,56.4,1.1,14.1,124.8,0,3,11,4,61,0,1405.8,0,534.7,11.1,178.2,553.8,10.7,138.5,0,0,40,4.98,1,6,11.03759171,223,285,311,153
10/08/2014,17,42,23,2891,247,176,0,0,0,31,0,58,41,21,0.3,1,0.8,MANCHESTER CITY_H_League,L 0-2,MANCHESTER CITY_H_League L 0-2,,56.6,1.2,18.9,56.4,1.1,14.1,124.8,0,3,11,4,61,0,1405.8,0,534.7,11.1,178.2,553.8,10.7,138.5,0,0,41,6.66,3,3,15.71716796,203,285,253,128
11/08/2014,17,43,0,0,0,0,0,0,0,0,0,58,41,21,0.3,0.7,0.8,MANCHESTER CITY_H_League,L 0-2,MANCHESTER CITY_H_League L 0-2,,56.6,1.2,18.9,56.4,1.1,14.1,124.8,0,3,11,4,61,0,1405.8,0,534.7,11.1,178.2,553.8,10.7,138.5,0,0,42,6.7,7,7,15.10441291,129,285,234,113
12/08/2014,17,44,80,5454,84,0,560,81,197,23,1.4,58,35,35,0.4,0.8,0.7,MANCHESTER CITY_H_League,L 0-2,MANCHESTER CITY_H_League L 0-2,,56.6,1.2,18.9,56.4,1.1,14.1,124.8,0,3,11,4,61,0,1405.8,0,534.7,11.1,178.2,553.8,10.7,138.5,0,0,43,7.45,4,5,14.19015091,169,305,239,106
13/08/2014,17,45,96,6894,385,121,684,138,412,27,2,56,38,39,0.6,1,0.9,MANCHESTER CITY_H_League,L 0-2,MANCHESTER CITY_H_League L 0-2,,56.6,1.2,18.9,56.4,1.1,14.1,124.8,0,3,11,4,61,0,1405.8,0,534.7,11.1,178.2,553.8,10.7,138.5,0,0,44,6.2,3,6,16.1064283,266,330,332,144
14/08/2014,17,46,0,0,0,0,0,0,0,0,0,56,38,39,0.6,1,0.9,MANCHESTER CITY_H_League,L 0-2,MANCHESTER CITY_H_League L 0-2,,56.6,1.2,18.9,56.4,1.1,14.1,124.8,0,3,11,4,61,0,1405.8,0,534.7,11.1,178.2,553.8,10.7,138.5,0,0,45,5.86,5,7,13.86155314,266,330,320,138
15/08/2014,17,47,81,5935,83,25,581,138,324,24,2.4,59,39,45,0.4,1,0.8,MANCHESTER CITY_H_League,L 0-2,MANCHESTER CITY_H_League L 0-2,,56.6,1.2,18.9,56.4,1.1,14.1,124.8,0,3,11,4,61,0,1405.8,0,534.7,11.1,178.2,553.8,10.7,138.5,0,0,46,6.22,7,4,12.5999088,260,350,308,131
16/08/2014,17,48,62,3464,140,71,381,81,134,27,2.1,55,38,57,0.5,1.3,1,MANCHESTER CITY_H_League,L 0-2,MANCHESTER CITY_H_League L 0-2,,56.6,1.2,18.9,56.4,1.1,14.1,124.8,0,3,11,4,61,0,1405.8,0,534.7,11.1,178.2,553.8,10.7,138.5,0,0,47,7.75,3,1,17.03683306,315,364,293,125
17/08/2014,17,49,11,1406,125,61,0,0,0,31,0,55,40,46,0.5,1.1,0.9,MANCHESTER CITY_H_League,L 0-2,MANCHESTER CITY_H_League L 0-2,,56.6,1.2,18.9,56.4,1.1,14.1,124.8,0,3,11,4,61,0,1405.8,0,534.7,11.1,178.2,553.8,10.7,138.5,0,1,48,6.14,7,6,11.56273866,315,364,293,125
18/08/2014,17,50,50,5086,89,0,574,99,392,23,1.7,57,43,40,0.3,1.6,1.1,ASTON VILLA_A_League,D 0-0,ASTON VILLA_A_League D 0-0,,12.5,0.2,3.1,13.3,0.3,3.3,25.9,0,4,14,4,0,0,1417.8,0,606.2,10.3,151.6,365.1,8.9,91.3,1,0,0,5.14,6,6,10.55204152,397,361,315,138
19/08/2014,17,51,69,5227,69,19,562,106,262,28,1.9,60,41,50,0.4,1.6,1,ASTON VILLA_A_League,D 0-0,ASTON VILLA_A_League D 0-0,,12.5,0.2,3.1,13.3,0.3,3.3,25.9,0,4,14,4,0,0,1417.8,0,606.2,10.3,151.6,365.1,8.9,91.3,1,0,1,5.16,6,7,12.6622612,397,359,291,125
20/08/2014,17,52,0,0,0,0,0,0,0,0,0,60,41,36,0.3,1.2,1.3,ASTON VILLA_A_League,D 0-0,ASTON VILLA_A_League D 0-0,,12.5,0.2,3.1,13.3,0.3,3.3,25.9,0,4,14,4,0,0,1417.8,0,606.2,10.3,151.6,365.1,8.9,91.3,1,0,2,5.07,4,4,16.71310008,299,359,196,94
21/08/2014,17,53,94,5698,300,181,602,132,348,29,2.2,69,50,37,0.3,1.7,1.2,ASTON VILLA_A_League,D 0-0,ASTON VILLA_A_League D 0-0,,12.5,0.2,3.1,13.3,0.3,3.3,25.9,0,4,14,4,0,0,1417.8,0,606.2,10.3,151.6,365.1,8.9,91.3,1,0,3,5.73,2,3,15.423848,385,350,275,127
22/08/2014,17,54,63,4459,86,40,521,94,285,26,1.8,67,47,44,0.3,1.7,1.2,ASTON VILLA_A_League,D 0-0,ASTON VILLA_A_League D 0-0,,12.5,0.2,3.1,13.3,0.3,3.3,25.9,0,4,14,4,0,0,1417.8,0,606.2,10.3,151.6,365.1,8.9,91.3,1,0,4,5.11,1,3,18.52179585,377,344,249,120
23/08/2014,17,55,14,1418,26,0,0,0,0,25,0,69,48,35,0.3,1.4,1,ASTON VILLA_A_League,D 0-0,ASTON VILLA_A_League D 0-0,,12.5,0.2,3.1,13.3,0.3,3.3,25.9,0,4,14,4,0,0,1417.8,0,606.2,10.3,151.6,365.1,8.9,91.3,1,1,5,6.74,2,8,14.26270501,322,312,204,100
24/08/2014,17,56,47,3835,34,10,413,81,177,25,2,70,42,32,0.3,1.7,0.9,CRYSTAL PALACE_H_League,D 3-3,CRYSTAL PALACE_H_League D 3-3,Janmaat 37; Aarons 72; Williamson 87,24.3,0.4,4.1,146.1,3.7,36.5,170.4,0,6,19,4,70,0,2366.3,0,942,15.4,157,682.8,17.5,170.7,2,0,0,4.61,7,8,10.71084089,381,326,217,110
25/08/2014,17,57,68,3294,101,35,370,88,193,26,2.4,75,44,36,0.4,1.7,0.9,CRYSTAL PALACE_H_League,D 3-3,CRYSTAL PALACE_H_League D 3-3,Janmaat 37; Aarons 72; Williamson 87,24.3,0.4,4.1,146.1,3.7,36.5,170.4,0,6,19,4,70,0,2366.3,0,942,15.4,157,682.8,17.5,170.7,2,0,1,3.19,8,3,10.62543045,352,340,245,95
26/08/2014,17,58,32,3665,211,89,0,0,0,28,0,72,48,33,0.3,1.7,1,CRYSTAL PALACE_H_League,D 3-3,CRYSTAL PALACE_H_League D 3-3,Janmaat 37; Aarons 72; Williamson 87,24.3,0.4,4.1,146.1,3.7,36.5,170.4,0,6,19,4,70,0,2366.3,0,942,15.4,157,682.8,17.5,170.7,2,0,2,5.54,1,2,14.50168338,272,317,195,75
27/08/2014,17,59,0,0,0,0,0,0,0,0,0,63,37,28,0.3,1.7,1,CRYSTAL PALACE_H_League,D 3-3,CRYSTAL PALACE_H_League D 3-3,Janmaat 37; Aarons 72; Williamson 87,24.3,0.4,4.1,146.1,3.7,36.5,170.4,0,6,19,4,70,0,2366.3,0,942,15.4,157,682.8,17.5,170.7,2,0,3,5.97,1,1,13.11980548,272,282,208,86
28/08/2014,17,60,73,2395,0,0,258,74,73,21,2.9,66,37,29,0.3,1.7,0.9,CRYSTAL PALACE_H_League,D 3-3,CRYSTAL PALACE_H_League D 3-3,Janmaat 37; Aarons 72; Williamson 87,24.3,0.4,4.1,146.1,3.7,36.5,170.4,0,6,19,4,70,0,2366.3,0,942,15.4,157,682.8,17.5,170.7,2,0,4,4.86,1,8,16.92646552,223,291,191,89
29/08/2014,17,61,87,4823,0,0,430,88,69,19,2,64,35,32,0.3,1.7,0.7,CRYSTAL PALACE_H_League,D 3-3,CRYSTAL PALACE_H_League D 3-3,Janmaat 37; Aarons 72; Williamson 87,24.3,0.4,4.1,146.1,3.7,36.5,170.4,0,6,19,4,70,0,2366.3,0,942,15.4,157,682.8,17.5,170.7,2,0,5,4.32,5,2,14.61118037,210,288,202,89
30/08/2014,17,62,19,2366,170,70,0,0,0,29,0,63,35,30,0.3,1.9,0.8,CRYSTAL PALACE_H_League,D 3-3,CRYSTAL PALACE_H_League D 3-3,Janmaat 37; Aarons 72; Williamson 87,24.3,0.4,4.1,146.1,3.7,36.5,170.4,0,6,19,4,70,0,2366.3,0,942,15.4,157,682.8,17.5,170.7,2,1,6,6.61,6,7,12.86752609,210,267,214,96
31/08/2014,17,63,0,0,0,0,0,0,0,0,0,61,32,23,0.2,1.3,0.8,SOUTHAMPTON_A_League,L 0-4,SOUTHAMPTON_A_League L 0-4,,101.1,1.9,14.4,46.8,1,5.9,163.4,0,7,25,8,28.5,0,3398.2,0,1218,23.4,174,1441.2,30,180.2,3,0,0,6.25,8,4,10.49240068,151,262,201,88
01/09/2014,17,64,0,0,0,0,0,0,0,0,0,53,29,26,0.2,1,0.6,SOUTHAMPTON_A_League,L 0-4,SOUTHAMPTON_A_League L 0-4,,101.1,1.9,14.4,46.8,1,5.9,163.4,0,7,25,8,28.5,0,3398.2,0,1218,23.4,174,1441.2,30,180.2,3,0,1,6.15,1,9,12.83448227,98,244,150,70
02/09/2014,17,65,60,5500,150,50,0,0,0,26,0,54,31,34,0.3,0.9,0.6,SOUTHAMPTON_A_League,L 0-4,SOUTHAMPTON_A_League L 0-4,,101.1,1.9,14.4,46.8,1,5.9,163.4,0,7,25,8,28.5,0,3398.2,0,1218,23.4,174,1441.2,30,180.2,3,0,2,5.62,6,9,10.74464621,98,234,202,109
03/09/2014,17,66,0,0,0,0,0,0,0,0,0,54,31,21,0.3,0.9,0.6,SOUTHAMPTON_A_League,L 0-4,SOUTHAMPTON_A_League L 0-4,,101.1,1.9,14.4,46.8,1,5.9,163.4,0,7,25,8,28.5,0,3398.2,0,1218,23.4,174,1441.2,30,180.2,3,0,3,6.18,4,6,12.91620448,98,234,209,122
04/09/2014,17,67,70,5500,150,50,0,0,0,26,0,54,27,30,0.3,1,0.8,SOUTHAMPTON_A_League,L 0-4,SOUTHAMPTON_A_League L 0-4,,101.1,1.9,14.4,46.8,1,5.9,163.4,0,7,25,8,28.5,0,3398.2,0,1218,23.4,174,1441.2,30,180.2,3,0,4,6.74,3,9,17.0436885,61,234,187,139
05/09/2014,17,68,60,3000,0,0,0,0,0,20,0,52,25,39,0.4,0.9,0.8,SOUTHAMPTON_A_League,L 0-4,SOUTHAMPTON_A_League L 0-4,,101.1,1.9,14.4,46.8,1,5.9,163.4,0,7,25,8,28.5,0,3398.2,0,1218,23.4,174,1441.2,30,180.2,3,0,5,5.82,6,6,8.276592441,0,212,128,138
06/09/2014,17,69,13,1500,150,20,0,0,0,30,0,52,28,43,0.5,0.9,0.8,SOUTHAMPTON_A_League,L 0-4,SOUTHAMPTON_A_League L 0-4,,101.1,1.9,14.4,46.8,1,5.9,163.4,0,7,25,8,28.5,0,3398.2,0,1218,23.4,174,1441.2,30,180.2,3,0,6,6.02,6,7,12.08298995,0,212,115,128
07/09/2014,17,70,0,0,0,0,0,0,0,0,0,46,27,31,0.3,0.9,0.8,SOUTHAMPTON_A_League,L 0-4,SOUTHAMPTON_A_League L 0-4,,101.1,1.9,14.4,46.8,1,5.9,163.4,0,7,25,8,28.5,0,3398.2,0,1218,23.4,174,1441.2,30,180.2,3,0,7,7.34,9,8,14.18641651,0,212,115,128
08/09/2014,17,71,40,2000,0,0,0,0,0,20,0,44,24,39,0.4,1.1,0.8,SOUTHAMPTON_A_League,L 0-4,SOUTHAMPTON_A_League L 0-4,,101.1,1.9,14.4,46.8,1,5.9,163.4,0,7,25,8,28.5,0,3398.2,0,1218,23.4,174,1441.2,30,180.2,3,0,8,5.79,4,1,15.1585408,0,212,151,168
09/09/2014,17,72,90,11000,700,300,0,0,0,30,0,55,39,46,0.6,0.8,0.6,SOUTHAMPTON_A_League,L 0-4,SOUTHAMPTON_A_League L 0-4,,101.1,1.9,14.4,46.8,1,5.9,163.4,0,7,25,8,28.5,0,3398.2,0,1218,23.4,174,1441.2,30,180.2,3,0,9,7.17,2,7,11.60166632,0,192,142,169
10/09/2014,17,73,0,0,0,0,0,0,0,0,0,55,39,38,0.6,0.8,0.6,SOUTHAMPTON_A_League,L 0-4,SOUTHAMPTON_A_League L 0-4,,101.1,1.9,14.4,46.8,1,5.9,163.4,0,7,25,8,28.5,0,3398.2,0,1218,23.4,174,1441.2,30,180.2,3,0,10,6.49,8,8,10.74686381,0,167,122,146
11/09/2014,17,74,0,0,0,0,0,0,0,0,0,51,39,36,0.5,0.6,0.5,SOUTHAMPTON_A_League,L 0-4,SOUTHAMPTON_A_League L 0-4,,101.1,1.9,14.4,46.8,1,5.9,163.4,0,7,25,8,28.5,0,3398.2,0,1218,23.4,174,1441.2,30,180.2,3,0,11,5.47,9,2,11.18932809,0,167,141,140
12/09/2014,17,75,51,2954,33,9,334,73,138,26,2.2,49,40,47,0.5,0.6,0.5,SOUTHAMPTON_A_League,L 0-4,SOUTHAMPTON_A_League L 0-4,,101.1,1.9,14.4,46.8,1,5.9,163.4,0,7,25,8,28.5,0,3398.2,0,1218,23.4,174,1441.2,30,180.2,3,0,12,7.06,3,2,10.89429336,47,158,180,158
13/09/2014,17,76,45,4398,563,129,0,0,0,32,0,52,51,51,0.7,0.7,0.6,SOUTHAMPTON_A_League,L 0-4,SOUTHAMPTON_A_League L 0-4,,101.1,1.9,14.4,46.8,1,5.9,163.4,0,7,25,8,28.5,0,3398.2,0,1218,23.4,174,1441.2,30,180.2,3,1,13,7.02,4,3,15.50920032,47,145,184,163
14/09/2014,17,77,0,0,0,0,0,0,0,0,0,52,51,21,0.3,0.7,0.6,HULL CITY_H_League,D 2-2,HULL CITY_H_League D 2-2,"Cisse 72, 86",21.6,0.4,21.6,0.5,0,0.5,22.1,0,1,2,1,0,0,307.5,0,124,2.1,124,43.2,1.1,43.2,4,0,0,4.74,6,3,10.02754155,47,145,184,163
15/09/2014,17,78,53,3707,17,0,464,102,214,23,2.2,57,52,28,0.3,0.8,0.6,HULL CITY_H_League,D 2-2,HULL CITY_H_League D 2-2,"Cisse 72, 86",21.6,0.4,21.6,0.5,0,0.5,22.1,0,1,2,1,0,0,307.5,0,124,2.1,124,43.2,1.1,43.2,4,0,1,7.82,3,3,14.94991485,114,141,170,147
16/09/2014,17,79,96,5673,68,7,637,144,340,24,2.3,57,49,42,0.4,1,0.5,HULL CITY_H_League,D 2-2,HULL CITY_H_League D 2-2,"Cisse 72, 86",21.6,0.4,21.6,0.5,0,0.5,22.1,0,1,2,1,0,0,307.5,0,124,2.1,124,43.2,1.1,43.2,4,0,2,5.54,1,8,13.78211847,205,143,195,139
17/09/2014,17,80,0,0,0,0,0,0,0,0,0,57,49,35,0.4,1,0.5,HULL CITY_H_League,D 2-2,HULL CITY_H_League D 2-2,"Cisse 72, 86",21.6,0.4,21.6,0.5,0,0.5,22.1,0,1,2,1,0,0,307.5,0,124,2.1,124,43.2,1.1,43.2,4,0,3,6.72,4,2,10.51297312,205,143,195,139
18/09/2014,17,81,79,4979,89,0,499,108,278,24,2.2,56,47,37,0.1,1.4,0.5,HULL CITY_H_League,D 2-2,HULL CITY_H_League D 2-2,"Cisse 72, 86",21.6,0.4,21.6,0.5,0,0.5,22.1,0,1,2,1,0,0,307.5,0,124,2.1,124,43.2,1.1,43.2,4,0,4,5.88,3,2,14.60940263,276,140,200,135
19/09/2014,17,82,58,4330,26,12,481,93,247,27,1.9,58,48,46,0.1,1.4,0.5,HULL CITY_H_League,D 2-2,HULL CITY_H_League D 2-2,"Cisse 72, 86",21.6,0.4,21.6,0.5,0,0.5,22.1,0,1,2,1,0,0,307.5,0,124,2.1,124,43.2,1.1,43.2,4,0,5,7.25,8,1,12.47477962,297,138,206,141
20/09/2014,17,83,20,2000,600,200,0,0,0,29,0,59,61,41,0.4,1.3,0.5,HULL CITY_H_League,D 2-2,HULL CITY_H_League D 2-2,"Cisse 72, 86",21.6,0.4,21.6,0.5,0,0.5,22.1,0,1,2,1,0,0,307.5,0,124,2.1,124,43.2,1.1,43.2,4,1,6,6.93,6,1,12.92401002,297,138,203,137
21/09/2014,17,84,0,0,0,0,0,0,0,0,0,59,61,28,0.3,1.3,0.5,STOKE CITY_A_League,L 0-1,STOKE CITY_A_League L 0-1,,0,0,0,0,0,0,0,0,0,0,0,0,0,0,0,0,0,0,0,0,0,5,0,0,6.93,2,4,16.01056469,297,124,203,137
22/09/2014,17,85,58,4563,57,11,492,91,223,26,1.9,63,63,36,0.4,1.3,0.6,STOKE CITY_A_League,L 0-1,STOKE CITY_A_League L 0-1,,0,0,0,0,0,0,0,0,0,0,0,0,0,0,0,0,0,0,0,0,0,5,0,1,5.95,3,2,14.40376719,301,128,200,126
23/09/2014,17,86,67,5348,55,9,572,111,261,25,1.9,55,44,43,0.5,1.3,0.5,STOKE CITY_A_League,L 0-1,STOKE CITY_A_League L 0-1,,0,0,0,0,0,0,0,0,0,0,0,0,0,0,0,0,0,0,0,0,0,5,0,2,6.96,8,2,13.66685374,292,148,185,118
24/09/2014,17,87,46,5575,276,64,0,0,0,32,0,63,52,40,0.6,1.9,0.7,STOKE CITY_A_League,L 0-1,STOKE CITY_A_League L 0-1,,0,0,0,0,0,0,0,0,0,0,0,0,0,0,0,0,0,0,0,0,0,5,0,3,5.96,2,1,14.51794885,292,148,185,118
25/09/2014,17,88,0,0,0,0,0,0,0,0,0,63,52,36,0.2,1.3,0.7,STOKE CITY_A_League,L 0-1,STOKE CITY_A_League L 0-1,,0,0,0,0,0,0,0,0,0,0,0,0,0,0,0,0,0,0,0,0,0,5,0,4,6.53,1,7,15.10631397,220,139,171,127
26/09/2014,17,89,0,0,0,0,0,0,0,0,0,58,51,38,0.2,1,0.6,STOKE CITY_A_League,L 0-1,STOKE CITY_A_League L 0-1,,0,0,0,0,0,0,0,0,0,0,0,0,0,0,0,0,0,0,0,0,0,5,0,5,5.93,9,3,11.19291118,152,124,125,106
27/09/2014,17,90,79,6014,201,64,625,121,267,29,1.9,61,41,40,0.4,1.1,0.8,STOKE CITY_A_League,L 0-1,STOKE CITY_A_League L 0-1,,0,0,0,0,0,0,0,0,0,0,0,0,0,0,0,0,0,0,0,0,0,5,0,6,4.84,1,6,17.21818899,241,146,200,140
28/09/2014,17,91,44,2819,32,0,311,68,155,23,2.2,65,42,32,0.4,1.3,0.8,STOKE CITY_A_League,L 0-1,STOKE CITY_A_League L 0-1,,0,0,0,0,0,0,0,0,0,0,0,0,0,0,0,0,0,0,0,0,0,5,0,7,5.99,3,4,14.54887286,285,157,242,167
29/09/2014,17,92,0,0,0,0,0,0,0,0,0,59,41,21,0.2,1,0.7,STOKE CITY_A_League,L 0-1,STOKE CITY_A_League L 0-1,,0,0,0,0,0,0,0,0,0,0,0,0,0,0,0,0,0,0,0,0,0,5,1,8,6.35,3,9,15.94111013,215,157,224,147
30/09/2014,17,93,112,9663,385,126,1068,0,471,29,0,65,50,41,0.4,0.9,0.8,SWANSEA CITY_A_League,D 2-2,SWANSEA CITY_A_League D 2-2,"Cisse 42, 74",31.9,0.8,16,62.2,1,31.1,119,0,2,9,2,54.8,0,1214.4,0,366.6,9.2,183.3,431.5,7.2,215.8,6,0,0,5.99,2,1,13.98424096,286,195,208,159
01/10/2014,17,94,0,0,0,0,0,0,0,0,0,65,50,41,0.4,0.7,0.6,SWANSEA CITY_A_League,D 2-2,SWANSEA CITY_A_League D 2-2,"Cisse 42, 74",31.9,0.8,16,62.2,1,31.1,119,0,2,9,2,54.8,0,1214.4,0,366.6,9.2,183.3,431.5,7.2,215.8,6,0,1,3.96,7,9,9.935251625,286,195,208,159
02/10/2014,17,95,79,6787,233,94,691,144,359,27,2.1,68,54,41,0.3,0.9,0.8,SWANSEA CITY_A_League,D 2-2,SWANSEA CITY_A_League D 2-2,"Cisse 42, 74",31.9,0.8,16,62.2,1,31.1,119,0,2,9,2,54.8,0,1214.4,0,366.6,9.2,183.3,431.5,7.2,215.8,6,0,2,7.38,7,3,11.52022375,385,220,239,153
03/10/2014,17,96,54,3626,26,0,405,81,181,23,2,67,54,43,0.3,1.2,0.8,SWANSEA CITY_A_League,D 2-2,SWANSEA CITY_A_League D 2-2,"Cisse 42, 74",31.9,0.8,16,62.2,1,31.1,119,0,2,9,2,54.8,0,1214.4,0,366.6,9.2,183.3,431.5,7.2,215.8,6,0,3,4.99,8,3,10.62483761,442,234,286,177
04/10/2014,17,97,9,1214,119,55,0,0,0,30,0,66,40,47,0.6,0.9,0.8,SWANSEA CITY_A_League,D 2-2,SWANSEA CITY_A_League D 2-2,"Cisse 42, 74",31.9,0.8,16,62.2,1,31.1,119,0,2,9,2,54.8,0,1214.4,0,366.6,9.2,183.3,431.5,7.2,215.8,6,1,4,5.82,7,9,11.65953057,353,234,211,138
05/10/2014,17,98,0,0,0,0,0,0,0,0,0,66,40,25,0.3,0.8,0.7,LEICESTER CITY_H_League,W 1-0,LEICESTER CITY_H_League W 1-0,Obertan 70,289.8,5.4,32.2,129.8,2.8,13,433.2,0,9,35,10,170.7,0,4727.7,0,1584.3,29.3,176,1783.9,38.8,178.4,7,0,0,5.68,7,1,12.49607895,309,234,169,110
06/10/2014,17,99,0,0,0,0,0,0,0,0,0,59,39,28,0.3,0.8,0.7,LEICESTER CITY_H_League,W 1-0,LEICESTER CITY_H_League W 1-0,Obertan 70,289.8,5.4,32.2,129.8,2.8,13,433.2,0,9,35,10,170.7,0,4727.7,0,1584.3,29.3,176,1783.9,38.8,178.4,7,0,1,6.38,9,8,11.2689858,309,234,172,117
07/10/2014,17,100,66,4995,111,19,783,191,349,25,2.4,59,40,24,0.2,0.9,0.8,LEICESTER CITY_H_League,W 1-0,LEICESTER CITY_H_League W 1-0,Obertan 70,289.8,5.4,32.2,129.8,2.8,13,433.2,0,9,35,10,170.7,0,4727.7,0,1584.3,29.3,176,1783.9,38.8,178.4,7,0,2,7.46,9,5,10.39409704,268,262,175,124
08/10/2014,17,101,60,3000,0,0,300,100,50,16,3.3,55,32,24,0.2,1.1,0.8,LEICESTER CITY_H_League,W 1-0,LEICESTER CITY_H_League W 1-0,Obertan 70,289.8,5.4,32.2,129.8,2.8,13,433.2,0,9,35,10,170.7,0,4727.7,0,1584.3,29.3,176,1783.9,38.8,178.4,7,0,3,6.18,3,9,13.18976262,311,273,187,131
09/10/2014,17,102,79,7477,172,54,767,79,372,28,1,66,37,34,0.2,1.1,0.9,LEICESTER CITY_H_League,W 1-0,LEICESTER CITY_H_League W 1-0,Obertan 70,289.8,5.4,32.2,129.8,2.8,13,433.2,0,9,35,10,170.7,0,4727.7,0,1584.3,29.3,176,1783.9,38.8,178.4,7,0,4,5.53,1,3,13.32747582,322,301,156,149
10/10/2014,17,103,0,0,0,0,0,0,0,0,0,66,37,34,0.2,0.8,0.8,LEICESTER CITY_H_League,W 1-0,LEICESTER CITY_H_League W 1-0,Obertan 70,289.8,5.4,32.2,129.8,2.8,13,433.2,0,9,35,10,170.7,0,4727.7,0,1584.3,29.3,176,1783.9,38.8,178.4,7,0,5,4.64,1,6,16.00473718,264,289,109,132
11/10/2014,17,104,0,0,0,0,0,0,0,0,0,57,31,39,0.3,0.7,0.6,LEICESTER CITY_H_League,W 1-0,LEICESTER CITY_H_League W 1-0,Obertan 70,289.8,5.4,32.2,129.8,2.8,13,433.2,0,9,35,10,170.7,0,4727.7,0,1584.3,29.3,176,1783.9,38.8,178.4,7,0,6,5.49,2,8,16.84621257,264,289,109,132
12/10/2014,17,105,0,0,0,0,0,0,0,0,0,53,31,28,0.2,0.7,0.6,LEICESTER CITY_H_League,W 1-0,LEICESTER CITY_H_League W 1-0,Obertan 70,289.8,5.4,32.2,129.8,2.8,13,433.2,0,9,35,10,170.7,0,4727.7,0,1584.3,29.3,176,1783.9,38.8,178.4,7,0,7,6.66,7,3,12.88915144,264,289,109,132
13/10/2014,17,106,0,0,0,0,0,0,0,0,0,53,31,20,0.2,0.7,0.6,LEICESTER CITY_H_League,W 1-0,LEICESTER CITY_H_League W 1-0,Obertan 70,289.8,5.4,32.2,129.8,2.8,13,433.2,0,9,35,10,170.7,0,4727.7,0,1584.3,29.3,176,1783.9,38.8,178.4,7,0,8,5.63,5,6,10.96700643,264,272,136,159
14/10/2014,17,107,98,6170,125,9,683,99,494,24,1.4,48,23,19,0.2,0.7,0.6,LEICESTER CITY_H_League,W 1-0,LEICESTER CITY_H_League W 1-0,Obertan 70,289.8,5.4,32.2,129.8,2.8,13,433.2,0,9,35,10,170.7,0,4727.7,0,1584.3,29.3,176,1783.9,38.8,178.4,7,0,9,5.55,5,7,13.99513191,250,274,149,156
15/10/2014,17,108,0,0,0,0,0,0,0,0,0,48,23,19,0.2,0.6,0.6,LEICESTER CITY_H_League,W 1-0,LEICESTER CITY_H_League W 1-0,Obertan 70,289.8,5.4,32.2,129.8,2.8,13,433.2,0,9,35,10,170.7,0,4727.7,0,1584.3,29.3,176,1783.9,38.8,178.4,7,0,10,5.87,3,7,16.57573622,207,274,140,141
16/10/2014,17,109,78,5242,29,9,505,78,321,25,1.6,46,17,36,0.3,0.6,0.5,LEICESTER CITY_H_League,W 1-0,LEICESTER CITY_H_League W 1-0,Obertan 70,289.8,5.4,32.2,129.8,2.8,13,433.2,0,9,35,10,170.7,0,4727.7,0,1584.3,29.3,176,1783.9,38.8,178.4,7,0,11,5.8,4,5,16.82714192,169,274,150,119
17/10/2014,17,110,58,3549,15,0,396,58,175,22,1.5,46,17,47,0.3,0.8,0.5,LEICESTER CITY_H_League,W 1-0,LEICESTER CITY_H_League W 1-0,Obertan 70,289.8,5.4,32.2,129.8,2.8,13,433.2,0,9,35,10,170.7,0,4727.7,0,1584.3,29.3,176,1783.9,38.8,178.4,7,0,12,7.15,4,2,15.73018118,226,271,194,138
18/10/2014,17,111,35,4728,433,171,0,0,0,30,0,51,26,56,0.7,1,0.5,LEICESTER CITY_H_League,W 1-0,LEICESTER CITY_H_League W 1-0,Obertan 70,289.8,5.4,32.2,129.8,2.8,13,433.2,0,9,35,10,170.7,0,4727.7,0,1584.3,29.3,176,1783.9,38.8,178.4,7,1,13,4.45,9,3,8.025919114,226,271,194,138
19/10/2014,17,112,0,0,0,0,0,0,0,0,0,51,26,38,0.5,1,0.5,TOTTENHAM HOTSPUR_A_League,W 2-1,TOTTENHAM HOTSPUR_A_League W 2-1,Ameobi 45; tbc 57,588.1,15.9,36.8,314.6,5,10.5,928.2,11.6,16,80,30,437.6,5.5,10174,127.2,2911.8,78.7,182,4615.3,73.3,153.8,8,0,0,8.3,7,9,13.12695411,226,271,200,145
20/10/2014,17,113,0,0,0,0,0,0,0,0,0,51,26,38,0.5,1,0.5,TOTTENHAM HOTSPUR_A_League,W 2-1,TOTTENHAM HOTSPUR_A_League W 2-1,Ameobi 45; tbc 57,588.1,15.9,36.8,314.6,5,10.5,928.2,11.6,16,80,30,437.6,5.5,10174,127.2,2911.8,78.7,182,4615.3,73.3,153.8,8,0,1,5.84,5,1,11.76831054,226,253,165,107
21/10/2014,17,114,85,5549,132,44,593,86,355,27,1.5,51,26,39,0.6,1,0.5,TOTTENHAM HOTSPUR_A_League,W 2-1,TOTTENHAM HOTSPUR_A_League W 2-1,Ameobi 45; tbc 57,588.1,15.9,36.8,314.6,5,10.5,928.2,11.6,16,80,30,437.6,5.5,10174,127.2,2911.8,78.7,182,4615.3,73.3,153.8,8,0,2,5.97,7,2,9.800856387,213,254,160,89
22/10/2014,17,115,82,7245,322,117,730,83,479,29,1.1,57,36,44,0.7,1.3,0.8,TOTTENHAM HOTSPUR_A_League,W 2-1,TOTTENHAM HOTSPUR_A_League W 2-1,Ameobi 45; tbc 57,588.1,15.9,36.8,314.6,5,10.5,928.2,11.6,16,80,30,437.6,5.5,10174,127.2,2911.8,78.7,182,4615.3,73.3,153.8,8,0,3,6.93,3,5,12.74087966,317,280,225,139
23/10/2014,17,116,0,0,0,0,0,0,0,0,0,47,31,39,0.4,1,0.7,TOTTENHAM HOTSPUR_A_League,W 2-1,TOTTENHAM HOTSPUR_A_League W 2-1,Ameobi 45; tbc 57,588.1,15.9,36.8,314.6,5,10.5,928.2,11.6,16,80,30,437.6,5.5,10174,127.2,2911.8,78.7,182,4615.3,73.3,153.8,8,0,4,4.1,9,8,9.623359282,245,280,166,106
24/10/2014,17,117,63,5440,301,96,568,126,304,27,2.2,55,40,48,0.6,1,0.9,TOTTENHAM HOTSPUR_A_League,W 2-1,TOTTENHAM HOTSPUR_A_League W 2-1,Ameobi 45; tbc 57,588.1,15.9,36.8,314.6,5,10.5,928.2,11.6,16,80,30,437.6,5.5,10174,127.2,2911.8,78.7,182,4615.3,73.3,153.8,8,0,5,7.09,1,4,14.59158586,270,300,178,123
25/10/2014,17,118,50,2790,22,10,328,50,151,26,1.5,59,40,52,0.6,1,0.8,TOTTENHAM HOTSPUR_A_League,W 2-1,TOTTENHAM HOTSPUR_A_League W 2-1,Ameobi 45; tbc 57,588.1,15.9,36.8,314.6,5,10.5,928.2,11.6,16,80,30,437.6,5.5,10174,127.2,2911.8,78.7,182,4615.3,73.3,153.8,8,0,6,5.07,3,4,12.08132567,317,290,218,140
26/10/2014,17,119,80,10174,928,438,0,0,0,32,0,73,67,50,0.7,1.2,0.7,TOTTENHAM HOTSPUR_A_League,W 2-1,TOTTENHAM HOTSPUR_A_League W 2-1,Ameobi 45; tbc 57,588.1,15.9,36.8,314.6,5,10.5,928.2,11.6,16,80,30,437.6,5.5,10174,127.2,2911.8,78.7,182,4615.3,73.3,153.8,8,1,7,4.85,4,8,13.05456322,317,279,212,137
27/10/2014,17,120,0,0,0,0,0,0,0,0,0,73,67,36,0.5,1.2,0.7,MANCHESTER CITY_A_League Cup,W 2-0,MANCHESTER CITY_A_League Cup W 2-0,,0,0,0,0,0,0,0,0,0,0,0,0,0,0,0,0,0,0,0,0,0,9,0,0,6.77,6,1,13.46185133,317,279,234,144
28/10/2014,17,121,0,0,0,0,0,0,0,0,0,64,64,41,0.6,0.9,0.7,MANCHESTER CITY_A_League Cup,W 2-0,MANCHESTER CITY_A_League Cup W 2-0,,0,0,0,0,0,0,0,0,0,0,0,0,0,0,0,0,0,0,0,0,0,9,1,1,5.12,2,2,14.43279004,232,241,222,144
29/10/2014,17,122,0,0,0,0,0,0,0,0,0,64,64,29,0.4,0.7,0.5,LIVERPOOL_H_League,W 1-0,LIVERPOOL_H_League W 1-0,Perez; 72,240.5,6,20,169.6,2.8,9.4,428,0,12,48,18,184.2,0,6063.8,0,1924,48.1,160.3,2748,45.8,152.7,10,0,0,7.02,5,5,13.16442091,128,241,158,97
30/10/2014,17,123,51,4255,20,0,471,52,283,22,1.1,63,63,33,0.4,0.9,0.5,LIVERPOOL_H_League,W 1-0,LIVERPOOL_H_League W 1-0,Perez; 72,240.5,6,20,169.6,2.8,9.4,428,0,12,48,18,184.2,0,6063.8,0,1924,48.1,160.3,2748,45.8,152.7,10,0,1,6.28,9,6,12.48721045,195,233,201,117
31/10/2014,17,124,68,2764,22,0,308,102,98,23,3.3,62,64,16,0,0.8,0.4,LIVERPOOL_H_League,W 1-0,LIVERPOOL_H_League W 1-0,Perez; 72,240.5,6,20,169.6,2.8,9.4,428,0,12,48,18,184.2,0,6063.8,0,1924,48.1,160.3,2748,45.8,152.7,10,0,2,5.32,3,4,12.44648209,158,229,184,110
01/11/2014,17,125,48,6064,428,184,0,0,0,31,0,64,64,30,0.2,0.9,0.6,LIVERPOOL_H_League,W 1-0,LIVERPOOL_H_League W 1-0,Perez; 72,240.5,6,20,169.6,2.8,9.4,428,0,12,48,18,184.2,0,6063.8,0,1924,48.1,160.3,2748,45.8,152.7,10,1,3,5.84,2,2,14.81349396,111,229,149,98
02/11/2014,17,126,0,0,0,0,0,0,0,0,0,64,64,30,0.2,0.7,0.4,WEST BROMWICH ALBION_A_League,W 2-0,WEST BROMWICH ALBION_A_League W 2-0,Perez 44; Coloccini 61,571.1,12.7,23.8,227.1,4.1,7.6,832.4,8.9,24,94,30,419.3,4.5,11406.3,121.3,3861.7,85.8,160.9,4552.6,82.8,151.8,11,0,0,7.34,9,2,9.040853539,111,229,149,98
03/11/2014,17,127,0,0,0,0,0,0,0,0,0,64,64,30,0.2,0.7,0.4,WEST BROMWICH ALBION_A_League,W 2-0,WEST BROMWICH ALBION_A_League W 2-0,Perez 44; Coloccini 61,571.1,12.7,23.8,227.1,4.1,7.6,832.4,8.9,24,94,30,419.3,4.5,11406.3,121.3,3861.7,85.8,160.9,4552.6,82.8,151.8,11,0,1,8.2,7,3,11.73363682,111,229,127,79
04/11/2014,17,128,71,4794,90,28,485,71,270,26,1.5,63,62,31,0.3,1,0.5,WEST BROMWICH ALBION_A_League,W 2-0,WEST BROMWICH ALBION_A_League W 2-0,Perez 44; Coloccini 61,571.1,12.7,23.8,227.1,4.1,7.6,832.4,8.9,24,94,30,419.3,4.5,11406.3,121.3,3861.7,85.8,160.9,4552.6,82.8,151.8,11,0,2,5.88,4,6,15.19635893,180,219,150,91
05/11/2014,17,129,87,5876,379,79,617,87,415,26,1.4,61,64,40,0.4,1.3,0.7,WEST BROMWICH ALBION_A_League,W 2-0,WEST BROMWICH ALBION_A_League W 2-0,Perez 44; Coloccini 61,571.1,12.7,23.8,227.1,4.1,7.6,832.4,8.9,24,94,30,419.3,4.5,11406.3,121.3,3861.7,85.8,160.9,4552.6,82.8,151.8,11,0,3,6.1,6,4,12.91134943,268,230,205,126
06/11/2014,17,130,0,0,0,0,0,0,0,0,0,61,64,25,0.2,1,0.7,WEST BROMWICH ALBION_A_League,W 2-0,WEST BROMWICH ALBION_A_League W 2-0,Perez 44; Coloccini 61,571.1,12.7,23.8,227.1,4.1,7.6,832.4,8.9,24,94,30,419.3,4.5,11406.3,121.3,3861.7,85.8,160.9,4552.6,82.8,151.8,11,0,4,5.06,9,6,12.54837943,201,203,163,109
07/11/2014,17,131,70,4483,105,21,457,83,322,24,1.8,59,58,37,0.3,1,0.8,WEST BROMWICH ALBION_A_League,W 2-0,WEST BROMWICH ALBION_A_League W 2-0,Perez 44; Coloccini 61,571.1,12.7,23.8,227.1,4.1,7.6,832.4,8.9,24,94,30,419.3,4.5,11406.3,121.3,3861.7,85.8,160.9,4552.6,82.8,151.8,11,0,5,5.91,8,7,10.73813272,222,219,180,114
08/11/2014,17,132,51,3163,44,32,346,52,143,27,1.5,60,59,44,0.3,1,0.7,WEST BROMWICH ALBION_A_League,W 2-0,WEST BROMWICH ALBION_A_League W 2-0,Perez 44; Coloccini 61,571.1,12.7,23.8,227.1,4.1,7.6,832.4,8.9,24,94,30,419.3,4.5,11406.3,121.3,3861.7,85.8,160.9,4552.6,82.8,151.8,11,0,6,6.21,7,5,13.24916872,272,231,216,133
09/11/2014,17,133,94,11406,832,419,0,0,0,32,0,62,56,58,0.7,1.1,0.7,WEST BROMWICH ALBION_A_League,W 2-0,WEST BROMWICH ALBION_A_League W 2-0,Perez 44; Coloccini 61,571.1,12.7,23.8,227.1,4.1,7.6,832.4,8.9,24,94,30,419.3,4.5,11406.3,121.3,3861.7,85.8,160.9,4552.6,82.8,151.8,11,1,7,5.23,4,8,12.6620569,272,231,216,133
10/11/2014,17,134,0,0,0,0,0,0,0,0,0,62,56,45,0.5,1.1,0.7,QUEENS PARK RANGERS_H_League,W 1-0,QUEENS PARK RANGERS_H_League W 1-0,Sissoko 77,576.4,10.7,24,128.2,2.8,6.7,716.7,7.9,24,91,19,346.6,3.8,9679.8,106.4,3827.1,70.9,159.5,2856.2,62.1,150.3,12,0,0,6.4,9,6,9.291122416,272,231,216,133
11/11/2014,17,135,0,0,0,0,0,0,0,0,0,62,56,45,0.5,0.8,0.6,QUEENS PARK RANGERS_H_League,W 1-0,QUEENS PARK RANGERS_H_League W 1-0,Sissoko 77,576.4,10.7,24,128.2,2.8,6.7,716.7,7.9,24,91,19,346.6,3.8,9679.8,106.4,3827.1,70.9,159.5,2856.2,62.1,150.3,12,0,1,7.07,9,2,9.753314259,202,207,181,115
12/11/2014,17,136,64,4954,16,0,540,65,359,23,1.2,69,57,41,0.5,0.8,0.5,QUEENS PARK RANGERS_H_League,W 1-0,QUEENS PARK RANGERS_H_League W 1-0,Sissoko 77,576.4,10.7,24,128.2,2.8,6.7,716.7,7.9,24,91,19,346.6,3.8,9679.8,106.4,3827.1,70.9,159.5,2856.2,62.1,150.3,12,0,2,4.48,4,7,13.86754674,191,226,164,103
13/11/2014,17,137,0,0,0,0,0,0,0,0,0,63,56,38,0.4,0.8,0.5,QUEENS PARK RANGERS_H_League,W 1-0,QUEENS PARK RANGERS_H_League W 1-0,Sissoko 77,576.4,10.7,24,128.2,2.8,6.7,716.7,7.9,24,91,19,346.6,3.8,9679.8,106.4,3827.1,70.9,159.5,2856.2,62.1,150.3,12,0,3,6.08,9,3,11.86482948,191,208,164,103
14/11/2014,17,138,0,0,0,0,0,0,0,0,0,59,55,12,0,0.7,0.4,QUEENS PARK RANGERS_H_League,W 1-0,QUEENS PARK RANGERS_H_League W 1-0,Sissoko 77,576.4,10.7,24,128.2,2.8,6.7,716.7,7.9,24,91,19,346.6,3.8,9679.8,106.4,3827.1,70.9,159.5,2856.2,62.1,150.3,12,0,4,8.14,7,2,11.51833919,126,194,108,79
15/11/2014,17,139,0,0,0,0,0,0,0,0,0,50,43,14,0,0.5,0.4,QUEENS PARK RANGERS_H_League,W 1-0,QUEENS PARK RANGERS_H_League W 1-0,Sissoko 77,576.4,10.7,24,128.2,2.8,6.7,716.7,7.9,24,91,19,346.6,3.8,9679.8,106.4,3827.1,70.9,159.5,2856.2,62.1,150.3,12,0,5,6.23,1,7,16.33465327,77,194,67,65
16/11/2014,17,140,0,0,0,0,0,0,0,0,0,50,43,14,0,0.4,0.4,QUEENS PARK RANGERS_H_League,W 1-0,QUEENS PARK RANGERS_H_League W 1-0,Sissoko 77,576.4,10.7,24,128.2,2.8,6.7,716.7,7.9,24,91,19,346.6,3.8,9679.8,106.4,3827.1,70.9,159.5,2856.2,62.1,150.3,12,0,6,5.56,8,3,14.64344369,77,194,67,65
17/11/2014,17,141,69,5212,60,0,527,69,314,22,1.3,57,45,13,0,0.6,0.5,QUEENS PARK RANGERS_H_League,W 1-0,QUEENS PARK RANGERS_H_League W 1-0,Sissoko 77,576.4,10.7,24,128.2,2.8,6.7,716.7,7.9,24,91,19,346.6,3.8,9679.8,106.4,3827.1,70.9,159.5,2856.2,62.1,150.3,12,0,7,6.69,8,2,12.79246149,152,213,121,101
18/11/2014,17,142,69,6497,290,109,712,70,513,29,1,60,50,28,0.2,0.8,0.5,QUEENS PARK RANGERS_H_League,W 1-0,QUEENS PARK RANGERS_H_League W 1-0,Sissoko 77,576.4,10.7,24,128.2,2.8,6.7,716.7,7.9,24,91,19,346.6,3.8,9679.8,106.4,3827.1,70.9,159.5,2856.2,62.1,150.3,12,0,8,6.03,5,2,11.70992175,254,217,162,126
19/11/2014,17,143,0,0,0,0,0,0,0,0,0,51,39,33,0.3,0.6,0.5,QUEENS PARK RANGERS_H_League,W 1-0,QUEENS PARK RANGERS_H_League W 1-0,Sissoko 77,576.4,10.7,24,128.2,2.8,6.7,716.7,7.9,24,91,19,346.6,3.8,9679.8,106.4,3827.1,70.9,159.5,2856.2,62.1,150.3,12,0,9,4.07,8,3,9.917603332,177,191,119,90
20/11/2014,17,144,67,4426,192,69,447,68,298,27,1.5,58,45,40,0.4,0.8,0.7,QUEENS PARK RANGERS_H_League,W 1-0,QUEENS PARK RANGERS_H_League W 1-0,Sissoko 77,576.4,10.7,24,128.2,2.8,6.7,716.7,7.9,24,91,19,346.6,3.8,9679.8,106.4,3827.1,70.9,159.5,2856.2,62.1,150.3,12,0,10,6.49,4,5,14.56784964,240,207,164,124
21/11/2014,17,145,54,2911,20,0,305,55,181,24,1.8,55,42,49,0.4,1,0.7,QUEENS PARK RANGERS_H_League,W 1-0,QUEENS PARK RANGERS_H_League W 1-0,Sissoko 77,576.4,10.7,24,128.2,2.8,6.7,716.7,7.9,24,91,19,346.6,3.8,9679.8,106.4,3827.1,70.9,159.5,2856.2,62.1,150.3,12,0,11,6.28,1,4,15.42041375,284,197,200,145
22/11/2014,17,146,91,9680,717,347,0,0,0,32,0,65,62,52,0.6,1.2,0.7,QUEENS PARK RANGERS_H_League,W 1-0,QUEENS PARK RANGERS_H_League W 1-0,Sissoko 77,576.4,10.7,24,128.2,2.8,6.7,716.7,7.9,24,91,19,346.6,3.8,9679.8,106.4,3827.1,70.9,159.5,2856.2,62.1,150.3,12,1,12,6.65,1,4,14.57409558,284,186,200,145
23/11/2014,17,147,0,0,0,0,0,0,0,0,0,48,38,51,0.7,1.2,0.7,WEST HAM UNITED_A_League,L 0-1,WEST HAM UNITED_A_League L 0-1,,757.1,14.6,28,162.4,3.4,6.8,978,10.3,27,95,24,556.7,5.9,10813,113.8,4485.4,86.3,166.1,3375.5,70.3,140.6,13,0,0,6.45,3,7,12.54661405,284,186,200,145
24/11/2014,17,148,0,0,0,0,0,0,0,0,0,48,38,51,0.7,0.9,0.7,WEST HAM UNITED_A_League,L 0-1,WEST HAM UNITED_A_League L 0-1,,757.1,14.6,28,162.4,3.4,6.8,978,10.3,27,95,24,556.7,5.9,10813,113.8,4485.4,86.3,166.1,3375.5,70.3,140.6,13,0,1,6.22,1,7,11.08207227,209,186,146,105
25/11/2014,17,149,72,6524,134,16,664,73,533,25,1.1,58,42,48,0.6,0.9,0.6,WEST HAM UNITED_A_League,L 0-1,WEST HAM UNITED_A_League L 0-1,,757.1,14.6,28,162.4,3.4,6.8,978,10.3,27,95,24,556.7,5.9,10813,113.8,4485.4,86.3,166.1,3375.5,70.3,140.6,13,0,2,7.55,3,6,15.623367,202,209,143,91
26/11/2014,17,150,0,0,0,0,0,0,0,0,0,51,41,46,0.6,0.9,0.6,WEST HAM UNITED_A_League,L 0-1,WEST HAM UNITED_A_League L 0-1,,757.1,14.6,28,162.4,3.4,6.8,978,10.3,27,95,24,556.7,5.9,10813,113.8,4485.4,86.3,166.1,3375.5,70.3,140.6,13,0,3,5.56,6,7,13.29213399,202,209,143,91
27/11/2014,17,151,78,5033,61,14,540,79,237,28,1.5,58,43,29,0.1,0.9,0.5,WEST HAM UNITED_A_League,L 0-1,WEST HAM UNITED_A_League L 0-1,,757.1,14.6,28,162.4,3.4,6.8,978,10.3,27,95,24,556.7,5.9,10813,113.8,4485.4,86.3,166.1,3375.5,70.3,140.6,13,0,4,7.02,8,2,13.08273417,215,212,159,92
28/11/2014,17,152,59,3551,121,46,378,60,143,28,1.6,63,47,34,0.2,0.9,0.6,WEST HAM UNITED_A_League,L 0-1,WEST HAM UNITED_A_League L 0-1,,757.1,14.6,28,162.4,3.4,6.8,978,10.3,27,95,24,556.7,5.9,10813,113.8,4485.4,86.3,166.1,3375.5,70.3,140.6,13,0,5,4.18,1,7,13.18719338,226,214,160,97
29/11/2014,17,153,95,10813,978,557,0,0,0,32,0,79,75,47,0.5,0.9,0.5,WEST HAM UNITED_A_League,L 0-1,WEST HAM UNITED_A_League L 0-1,,757.1,14.6,28,162.4,3.4,6.8,978,10.3,27,95,24,556.7,5.9,10813,113.8,4485.4,86.3,166.1,3375.5,70.3,140.6,13,1,6,6.19,1,3,16.85350519,226,214,166,101
30/11/2014,17,154,0,0,0,0,0,0,0,0,0,79,75,35,0.5,0.9,0.5,BURNLEY_A_League,D 1-1,BURNLEY_A_League D 1-1,Cisse 47,156.9,2.8,15.7,77.5,1.8,7,258.3,0,10,46,11,99.1,0,5500.4,0,1732.8,30.9,173.3,1874.8,42.6,170.4,14,0,0,7.39,9,5,16.107188,226,214,179,114
01/12/2014,17,155,46,2058,9,0,230,47,64,22,2,74,74,42,0.5,1,0.5,BURNLEY_A_League,D 1-1,BURNLEY_A_League D 1-1,Cisse 47,156.9,2.8,15.7,77.5,1.8,7,258.3,0,10,46,11,99.1,0,5500.4,0,1732.8,30.9,173.3,1874.8,42.6,170.4,14,0,1,7.04,5,9,12.11729647,258,223,214,133
02/12/2014,17,156,46,5500,258,99,0,0,0,30,0,73,73,43,0.5,1,0.6,BURNLEY_A_League,D 1-1,BURNLEY_A_League D 1-1,Cisse 47,156.9,2.8,15.7,77.5,1.8,7,258.3,0,10,46,11,99.1,0,5500.4,0,1732.8,30.9,173.3,1874.8,42.6,170.4,14,1,2,4.04,6,3,13.37615492,164,205,160,103
03/12/2014,17,157,0,0,0,0,0,0,0,0,0,73,73,36,0.5,1,0.6,CHELSEA_H_League,W 2-1,CHELSEA_H_League W 2-1,"Cisse 56, 77",332.2,8.7,15.8,249.4,4,6.9,582.1,6,21,97,36,247.8,2.6,11474.9,118.3,3295.5,86.7,156.9,5045.1,81.4,140.1,15,0,0,6.79,4,5,13.01586885,164,183,160,103
04/12/2014,17,158,0,0,0,0,0,0,0,0,0,66,67,16,0.1,0.8,0.5,CHELSEA_H_League,W 2-1,CHELSEA_H_League W 2-1,"Cisse 56, 77",332.2,8.7,15.8,249.4,4,6.9,582.1,6,21,97,36,247.8,2.6,11474.9,118.3,3295.5,86.7,156.9,5045.1,81.4,140.1,15,0,1,4.67,2,7,11.52330098,86,183,128,103
05/12/2014,17,159,46,2848,59,17,318,60,150,27,1.9,66,68,23,0.1,0.8,0.5,CHELSEA_H_League,W 2-1,CHELSEA_H_League W 2-1,"Cisse 56, 77",332.2,8.7,15.8,249.4,4,6.9,582.1,6,21,97,36,247.8,2.6,11474.9,118.3,3295.5,86.7,156.9,5045.1,81.4,140.1,15,0,2,5.05,6,7,10.75351464,78,178,128,103
06/12/2014,17,160,97,11475,582,248,0,0,0,30,0,69,64,41,0.4,0.7,0.6,CHELSEA_H_League,W 2-1,CHELSEA_H_League W 2-1,"Cisse 56, 77",332.2,8.7,15.8,249.4,4,6.9,582.1,6,21,97,36,247.8,2.6,11474.9,118.3,3295.5,86.7,156.9,5045.1,81.4,140.1,15,1,3,6.91,9,4,9.341930367,78,166,121,95
07/12/2014,17,161,0,0,0,0,0,0,0,0,0,69,64,30,0.3,0.7,0.6,ARSE0L_A_League,L 1-4,ARSE0L_A_League L 1-4,Perez 62,319.4,6.4,13.9,405.9,8.1,16.9,730.7,8.9,23,82,24,288.1,3.5,10383.3,126.6,3571.7,71.4,155.3,4064.7,81.3,169.4,16,0,0,5.91,2,9,14.6462894,78,166,109,82
08/12/2014,17,162,0,0,0,0,0,0,0,0,0,69,64,30,0.3,0.6,0.6,ARSE0L_A_League,L 1-4,ARSE0L_A_League L 1-4,Perez 62,319.4,6.4,13.9,405.9,8.1,16.9,730.7,8.9,23,82,24,288.1,3.5,10383.3,126.6,3571.7,71.4,155.3,4064.7,81.3,169.4,16,0,1,5.37,6,2,13.14245748,45,166,74,61
09/12/2014,17,163,64,5270,179,21,583,64,223,26,1.1,67,66,42,0.4,0.6,0.5,ARSE0L_A_League,L 1-4,ARSE0L_A_League L 1-4,Perez 62,319.4,6.4,13.9,405.9,8.1,16.9,730.7,8.9,23,82,24,288.1,3.5,10383.3,126.6,3571.7,71.4,155.3,4064.7,81.3,169.4,16,0,2,7.46,1,8,12.54929273,128,187,121,75
10/12/2014,17,164,0,0,0,0,0,0,0,0,0,67,66,36,0.3,0.6,0.5,ARSE0L_A_League,L 1-4,ARSE0L_A_League L 1-4,Perez 62,319.4,6.4,13.9,405.9,8.1,16.9,730.7,8.9,23,82,24,288.1,3.5,10383.3,126.6,3571.7,71.4,155.3,4064.7,81.3,169.4,16,0,3,6.23,3,5,11.31765325,128,168,121,75
11/12/2014,17,165,65,5656,85,16,572,66,246,25,1.2,68,66,23,0.1,0.8,0.6,ARSE0L_A_League,L 1-4,ARSE0L_A_League L 1-4,Perez 62,319.4,6.4,13.9,405.9,8.1,16.9,730.7,8.9,23,82,24,288.1,3.5,10383.3,126.6,3571.7,71.4,155.3,4064.7,81.3,169.4,16,0,4,6.06,4,5,14.25106401,210,188,151,85
12/12/2014,17,166,52,3483,100,19,369,53,158,25,1.4,68,66,31,0.2,0.9,0.6,ARSE0L_A_League,L 1-4,ARSE0L_A_League L 1-4,Perez 62,319.4,6.4,13.9,405.9,8.1,16.9,730.7,8.9,23,82,24,288.1,3.5,10383.3,126.6,3571.7,71.4,155.3,4064.7,81.3,169.4,16,0,5,5.3,4,6,12.79632351,217,201,153,86
13/12/2014,17,167,82,10383,731,288,0,0,0,33,0,67,59,53,0.5,0.9,0.6,ARSE0L_A_League,L 1-4,ARSE0L_A_League L 1-4,Perez 62,319.4,6.4,13.9,405.9,8.1,16.9,730.7,8.9,23,82,24,288.1,3.5,10383.3,126.6,3571.7,71.4,155.3,4064.7,81.3,169.4,16,1,6,5.84,1,4,14.87754863,217,201,164,91
14/12/2014,17,168,0,0,0,0,0,0,0,0,0,67,59,42,0.5,0.9,0.6,SUNDERLAND_H_League,L 0-1,SUNDERLAND_H_League L 0-1,,416,8.3,16.6,344.6,6.9,13.3,788,8.1,25,97,26,269.1,2.8,11248.7,116,4065.1,81.3,162.6,3895.3,77.9,149.8,17,0,0,6.5,9,1,13.40108363,217,201,164,91
15/12/2014,17,169,0,0,0,0,0,0,0,0,0,64,58,44,0.5,0.9,0.6,SUNDERLAND_H_League,L 0-1,SUNDERLAND_H_League L 0-1,,416,8.3,16.6,344.6,6.9,13.3,788,8.1,25,97,26,269.1,2.8,11248.7,116,4065.1,81.3,162.6,3895.3,77.9,149.8,17,0,1,4.14,2,8,15.60328746,217,182,188,109
16/12/2014,17,170,40,2610,0,0,304,40,111,19,1.3,60,51,39,0.5,0.8,0.5,SUNDERLAND_H_League,L 0-1,SUNDERLAND_H_League L 0-1,,416,8.3,16.6,344.6,6.9,13.3,788,8.1,25,97,26,269.1,2.8,11248.7,116,4065.1,81.3,162.6,3895.3,77.9,149.8,17,0,2,6.16,9,1,12.54729902,177,168,157,97
17/12/2014,17,171,95,11076,599,369,0,0,0,31,0,76,68,46,0.6,1,0.7,SUNDERLAND_H_League,L 0-1,SUNDERLAND_H_League L 0-1,,416,8.3,16.6,344.6,6.9,13.3,788,8.1,25,97,26,269.1,2.8,11248.7,116,4065.1,81.3,162.6,3895.3,77.9,149.8,17,0,3,4.93,3,5,18.59474106,177,168,157,97
18/12/2014,17,172,0,0,0,0,0,0,0,0,0,76,68,26,0.3,0.8,0.6,SUNDERLAND_H_League,L 0-1,SUNDERLAND_H_League L 0-1,,416,8.3,16.6,344.6,6.9,13.3,788,8.1,25,97,26,269.1,2.8,11248.7,116,4065.1,81.3,162.6,3895.3,77.9,149.8,17,0,4,6.39,8,4,15.92029423,96,152,98,73
19/12/2014,17,173,20,1000,0,0,100,0,50,15,0,73,66,29,0.3,0.7,0.6,SUNDERLAND_H_League,L 0-1,SUNDERLAND_H_League L 0-1,,416,8.3,16.6,344.6,6.9,13.3,788,8.1,25,97,26,269.1,2.8,11248.7,116,4065.1,81.3,162.6,3895.3,77.9,149.8,17,0,5,7.41,8,8,11.60032713,57,144,91,78
20/12/2014,17,174,44,3450,53,19,364,45,122,25,1.2,62,51,42,0.4,0.6,0.4,SUNDERLAND_H_League,L 0-1,SUNDERLAND_H_League L 0-1,,416,8.3,16.6,344.6,6.9,13.3,788,8.1,25,97,26,269.1,2.8,11248.7,116,4065.1,81.3,162.6,3895.3,77.9,149.8,17,0,6,4.81,1,6,15.44900245,109,157,111,80
21/12/2014,17,175,97,11249,788,269,0,0,0,31,0,78,74,49,0.6,0.9,0.6,SUNDERLAND_H_League,L 0-1,SUNDERLAND_H_League L 0-1,,416,8.3,16.6,344.6,6.9,13.3,788,8.1,25,97,26,269.1,2.8,11248.7,116,4065.1,81.3,162.6,3895.3,77.9,149.8,17,1,7,6.83,7,4,13.78345807,109,157,114,83
22/12/2014,17,176,0,0,0,0,0,0,0,0,0,78,74,29,0.3,0.9,0.6,MANCHESTER UNITED_A_League,L 1-3,MANCHESTER UNITED_A_League L 1-3,Cisse 86 (pen),439.3,11.3,23.1,316.1,5.2,9.9,759.5,9.3,19,82,32,360.3,4.4,9931.4,121.1,3163.8,81.1,166.5,4560.2,74.8,142.5,18,0,0,5.74,2,2,13.02004787,109,157,90,65
23/12/2014,17,177,0,0,0,0,0,0,0,0,0,70,69,32,0.4,0.7,0.6,MANCHESTER UNITED_A_League,L 1-3,MANCHESTER UNITED_A_League L 1-3,Cisse 86 (pen),439.3,11.3,23.1,316.1,5.2,9.9,759.5,9.3,19,82,32,360.3,4.4,9931.4,121.1,3163.8,81.1,166.5,4560.2,74.8,142.5,18,0,1,5.42,3,3,10.37444242,66,134,91,74
24/12/2014,17,178,71,5075,170,47,507,72,217,27,1.4,78,74,37,0.4,0.7,0.5,MANCHESTER UNITED_A_League,L 1-3,MANCHESTER UNITED_A_League L 1-3,Cisse 86 (pen),439.3,11.3,23.1,316.1,5.2,9.9,759.5,9.3,19,82,32,360.3,4.4,9931.4,121.1,3163.8,81.1,166.5,4560.2,74.8,142.5,18,0,2,5.78,8,8,13.89103303,138,152,140,101
25/12/2014,17,179,44,3450,53,19,364,45,122,25,1.2,74,73,38,0.4,0.9,0.5,MANCHESTER UNITED_A_League,L 1-3,MANCHESTER UNITED_A_League L 1-3,Cisse 86 (pen),439.3,11.3,23.1,316.1,5.2,9.9,759.5,9.3,19,82,32,360.3,4.4,9931.4,121.1,3163.8,81.1,166.5,4560.2,74.8,142.5,18,0,3,5.85,9,9,10.74718902,190,146,172,120
26/12/2014,17,180,82,9931,760,360,0,0,0,33,0,84,92,32,0.3,1.1,0.7,MANCHESTER UNITED_A_League,L 1-3,MANCHESTER UNITED_A_League L 1-3,Cisse 86 (pen),439.3,11.3,23.1,316.1,5.2,9.9,759.5,9.3,19,82,32,360.3,4.4,9931.4,121.1,3163.8,81.1,166.5,4560.2,74.8,142.5,18,1,4,6.46,9,3,13.28141405,176,132,141,96
27/12/2014,17,181,0,0,0,0,0,0,0,0,0,69,71,39,0.4,0.9,0.7,EVERTON_H_League,W 3-2,EVERTON_H_League W 3-2,Cisse 33; Perez 50; Colback 67,308.8,5.8,10.3,367.5,7.8,14.1,708.2,7.4,30,96,26,255.6,2.7,11451.7,119.3,4170.6,78.7,139,4122.2,87.7,158.5,19,0,0,6.35,5,2,13.03611046,124,132,112,78
28/12/2014,17,182,96,11452,708,256,0,0,0,31,0,85,91,50,0.5,0.9,0.7,EVERTON_H_League,W 3-2,EVERTON_H_League W 3-2,Cisse 33; Perez 50; Colback 67,308.8,5.8,10.3,367.5,7.8,14.1,708.2,7.4,30,96,26,255.6,2.7,11451.7,119.3,4170.6,78.7,139,4122.2,87.7,158.5,19,1,1,8.45,1,1,15.01133578,124,132,109,77
29/12/2014,17,183,0,0,0,0,0,0,0,0,0,85,91,42,0.5,0.9,0.7,BURNLEY_H_League,D 3-3,BURNLEY_H_League D 3-3,Taylor 14; Colback 25; Sissoko 77,487.1,9.2,17.4,216.2,4.6,8.6,714.1,7.2,28,99,25,361.6,3.7,11583.7,117,4433,83.6,158.3,3857.7,82.1,154.3,20,0,0,6.54,8,6,9.57500042,124,124,109,77
30/12/2014,17,184,0,0,0,0,0,0,0,0,0,82,91,38,0.5,0.9,0.7,BURNLEY_H_League,D 3-3,BURNLEY_H_League D 3-3,Taylor 14; Colback 25; Sissoko 77,487.1,9.2,17.4,216.2,4.6,8.6,714.1,7.2,28,99,25,361.6,3.7,11583.7,117,4433,83.6,158.3,3857.7,82.1,154.3,20,0,1,7.87,9,1,11.92922129,124,124,98,69
31/12/2014,17,185,47,2792,70,15,322,48,127,27,1.5,70,76,29,0.3,0.8,0.7,BURNLEY_H_League,D 3-3,BURNLEY_H_League D 3-3,Taylor 14; Colback 25; Sissoko 77,487.1,9.2,17.4,216.2,4.6,8.6,714.1,7.2,28,99,25,361.6,3.7,11583.7,117,4433,83.6,158.3,3857.7,82.1,154.3,20,0,2,7.97,4,8,10.41539384,98,135,79,60
01/01/2015,17,186,99,11584,714,362,0,0,0,31,0,86,97,43,0.4,0.9,0.8,BURNLEY_H_League,D 3-3,BURNLEY_H_League D 3-3,Taylor 14; Colback 25; Sissoko 77,487.1,9.2,17.4,216.2,4.6,8.6,714.1,7.2,28,99,25,361.6,3.7,11583.7,117,4433,83.6,158.3,3857.7,82.1,154.3,20,1,3,6.61,1,4,16.31471174,46,135,47,46
02/01/2015,17,187,0,0,0,0,0,0,0,0,0,85,97,24,0.2,0.7,0.6,CHELSEA_A_League,L 0-2,CHELSEA_A_League L 0-2,,364.7,8.9,15.2,135.9,2.3,4,504.2,5.3,24,96,34,192.9,2,10722.9,111.7,3539.5,86.3,147.5,4521.8,76.6,133,21,0,0,4.22,2,5,15.94905142,46,124,59,68
03/01/2015,17,188,0,0,0,0,0,0,0,0,0,80,95,26,0.2,0.7,0.6,CHELSEA_A_League,L 0-2,CHELSEA_A_League L 0-2,,364.7,8.9,15.2,135.9,2.3,4,504.2,5.3,24,96,34,192.9,2,10722.9,111.7,3539.5,86.3,147.5,4521.8,76.6,133,21,0,1,5.02,7,1,11.38443698,46,124,57,68
04/01/2015,17,189,0,0,0,0,0,0,0,0,0,64,72,32,0.3,0.5,0.4,CHELSEA_A_League,L 0-2,CHELSEA_A_League L 0-2,,364.7,8.9,15.2,135.9,2.3,4,504.2,5.3,24,96,34,192.9,2,10722.9,111.7,3539.5,86.3,147.5,4521.8,76.6,133,21,0,2,6.04,7,5,12.49814714,46,124,57,68
05/01/2015,17,190,0,0,0,0,0,0,0,0,0,64,72,26,0.3,0.5,0.4,CHELSEA_A_League,L 0-2,CHELSEA_A_League L 0-2,,364.7,8.9,15.2,135.9,2.3,4,504.2,5.3,24,96,34,192.9,2,10722.9,111.7,3539.5,86.3,147.5,4521.8,76.6,133,21,0,3,4.88,2,3,13.27327542,46,124,63,81
06/01/2015,17,191,74,5737,178,37,590,74,287,26,1.3,72,78,11,0.1,0.7,0.5,CHELSEA_A_League,L 0-2,CHELSEA_A_League L 0-2,,364.7,8.9,15.2,135.9,2.3,4,504.2,5.3,24,96,34,192.9,2,10722.9,111.7,3539.5,86.3,147.5,4521.8,76.6,133,21,0,4,6.49,2,4,14.28895865,130,124,101,86
07/01/2015,17,192,0,0,0,0,0,0,0,0,0,65,73,13,0.1,0.5,0.5,CHELSEA_A_League,L 0-2,CHELSEA_A_League L 0-2,,364.7,8.9,15.2,135.9,2.3,4,504.2,5.3,24,96,34,192.9,2,10722.9,111.7,3539.5,86.3,147.5,4521.8,76.6,133,21,0,5,6.88,8,5,9.528703237,84,124,71,65
08/01/2015,17,193,70,5260,19,0,537,127,184,23,2.4,67,72,24,0.1,0.6,0.4,CHELSEA_A_League,L 0-2,CHELSEA_A_League L 0-2,,364.7,8.9,15.2,135.9,2.3,4,504.2,5.3,24,96,34,192.9,2,10722.9,111.7,3539.5,86.3,147.5,4521.8,76.6,133,21,0,6,7.13,6,3,13.64812457,161,123,126,92
09/01/2015,17,194,39,2579,38,24,279,40,105,26,1.4,57,50,34,0.1,0.7,0.5,CHELSEA_A_League,L 0-2,CHELSEA_A_League L 0-2,,364.7,8.9,15.2,135.9,2.3,4,504.2,5.3,24,96,34,192.9,2,10722.9,111.7,3539.5,86.3,147.5,4521.8,76.6,133,21,0,7,5.6,9,6,11.53318948,200,120,141,98
10/01/2015,17,195,96,10723,504,193,0,0,0,32,0,72,65,48,0.3,0.9,0.6,CHELSEA_A_League,L 0-2,CHELSEA_A_League L 0-2,,364.7,8.9,15.2,135.9,2.3,4,504.2,5.3,24,96,34,192.9,2,10722.9,111.7,3539.5,86.3,147.5,4521.8,76.6,133,21,1,8,5.57,2,1,14.39547943,200,120,142,98
11/01/2015,17,196,0,0,0,0,0,0,0,0,0,56,44,48,0.4,0.9,0.6,SOUTHAMPTON_H_League,L 1-2,SOUTHAMPTON_H_League L 1-2,Gouffran 28,428.9,7.5,13.4,187.3,4.4,7.8,651.9,6.8,32,96,24,213.1,2.2,11150.3,116.1,4810.5,84.4,150.3,3548.5,82.5,147.9,22,0,0,4.75,4,5,11.07131908,200,120,142,98
12/01/2015,17,197,0,0,0,0,0,0,0,0,0,56,44,48,0.4,0.9,0.6,SOUTHAMPTON_H_League,L 1-2,SOUTHAMPTON_H_League L 1-2,Gouffran 28,428.9,7.5,13.4,187.3,4.4,7.8,651.9,6.8,32,96,24,213.1,2.2,11150.3,116.1,4810.5,84.4,150.3,3548.5,82.5,147.9,22,0,1,7.59,2,4,14.7385017,200,120,141,97
13/01/2015,17,198,75,6107,72,15,627,76,385,25,1.2,64,47,43,0.4,0.9,0.5,SOUTHAMPTON_H_League,L 1-2,SOUTHAMPTON_H_League L 1-2,Gouffran 28,428.9,7.5,13.4,187.3,4.4,7.8,651.9,6.8,32,96,24,213.1,2.2,11150.3,116.1,4810.5,84.4,150.3,3548.5,82.5,147.9,22,0,2,4.81,1,4,11.5670123,206,131,147,101
14/01/2015,17,199,0,0,0,0,0,0,0,0,0,60,45,40,0.4,0.9,0.5,SOUTHAMPTON_H_League,L 1-2,SOUTHAMPTON_H_League L 1-2,Gouffran 28,428.9,7.5,13.4,187.3,4.4,7.8,651.9,6.8,32,96,24,213.1,2.2,11150.3,116.1,4810.5,84.4,150.3,3548.5,82.5,147.9,22,0,3,4.92,7,9,16.45874832,206,131,147,101
15/01/2015,17,200,78,4382,45,6,575,79,173,24,1.4,50,25,30,0.1,0.8,0.5,SOUTHAMPTON_H_League,L 1-2,SOUTHAMPTON_H_League L 1-2,Gouffran 28,428.9,7.5,13.4,187.3,4.4,7.8,651.9,6.8,32,96,24,213.1,2.2,11150.3,116.1,4810.5,84.4,150.3,3548.5,82.5,147.9,22,0,4,6.61,5,9,10.08535655,211,152,149,101
16/01/2015,17,201,53,2925,79,46,329,53,118,27,1.6,54,27,36,0.2,0.9,0.6,SOUTHAMPTON_H_League,L 1-2,SOUTHAMPTON_H_League L 1-2,Gouffran 28,428.9,7.5,13.4,187.3,4.4,7.8,651.9,6.8,32,96,24,213.1,2.2,11150.3,116.1,4810.5,84.4,150.3,3548.5,82.5,147.9,22,0,5,3.63,9,7,12.92317066,218,160,152,102
17/01/2015,17,202,96,11150,652,213,0,0,0,31,0,70,46,50,0.5,0.8,0.5,SOUTHAMPTON_H_League,L 1-2,SOUTHAMPTON_H_League L 1-2,Gouffran 28,428.9,7.5,13.4,187.3,4.4,7.8,651.9,6.8,32,96,24,213.1,2.2,11150.3,116.1,4810.5,84.4,150.3,3548.5,82.5,147.9,22,1,6,5.77,7,5,13.28912478,218,147,151,103
18/01/2015,17,203,0,0,0,0,0,0,0,0,0,70,46,38,0.5,0.8,0.5,HULL CITY_A_League,W 3-0,HULL CITY_A_League W 3-0,Cabella 39; Ameobi 49; Gouffran 77,364,7.3,15.2,141.7,2.8,5.7,507.1,6,24,84,25,236.6,2.8,9895,117.8,3853.9,77.1,160.6,3606.9,72.1,144.3,23,0,0,6.56,7,5,12.58388682,218,147,151,103
19/01/2015,17,204,0,0,0,0,0,0,0,0,0,70,46,38,0.5,0.8,0.5,HULL CITY_A_League,W 3-0,HULL CITY_A_League W 3-0,Cabella 39; Ameobi 49; Gouffran 77,364,7.3,15.2,141.7,2.8,5.7,507.1,6,24,84,25,236.6,2.8,9895,117.8,3853.9,77.1,160.6,3606.9,72.1,144.3,23,0,1,5.38,7,5,15.82538181,218,147,158,104
20/01/2015,17,205,80,6200,250,150,600,150,350,28,2.5,71,48,41,0.6,0.8,0.6,HULL CITY_A_League,W 3-0,HULL CITY_A_League W 3-0,Cabella 39; Ameobi 49; Gouffran 77,364,7.3,15.2,141.7,2.8,5.7,507.1,6,24,84,25,236.6,2.8,9895,117.8,3853.9,77.1,160.6,3606.9,72.1,144.3,23,0,2,7.73,4,1,12.47761359,214,168,160,103
21/01/2015,17,206,0,0,0,0,0,0,0,0,0,71,48,35,0.5,0.8,0.6,HULL CITY_A_League,W 3-0,HULL CITY_A_League W 3-0,Cabella 39; Ameobi 49; Gouffran 77,364,7.3,15.2,141.7,2.8,5.7,507.1,6,24,84,25,236.6,2.8,9895,117.8,3853.9,77.1,160.6,3606.9,72.1,144.3,23,0,3,7.57,1,3,12.87188126,214,150,160,103
22/01/2015,17,207,0,0,0,0,0,0,0,0,0,63,48,14,0.2,0.7,0.6,HULL CITY_A_League,W 3-0,HULL CITY_A_League W 3-0,Cabella 39; Ameobi 49; Gouffran 77,364,7.3,15.2,141.7,2.8,5.7,507.1,6,24,84,25,236.6,2.8,9895,117.8,3853.9,77.1,160.6,3606.9,72.1,144.3,23,0,4,6.41,5,3,11.96428474,132,137,102,68
23/01/2015,17,208,83,7639,437,238,668,199,261,32,3,71,60,28,0.3,0.8,0.7,HULL CITY_A_League,W 3-0,HULL CITY_A_League W 3-0,Cabella 39; Ameobi 49; Gouffran 77,364,7.3,15.2,141.7,2.8,5.7,507.1,6,24,84,25,236.6,2.8,9895,117.8,3853.9,77.1,160.6,3606.9,72.1,144.3,23,0,5,7.25,4,6,15.92692256,181,161,140,91
24/01/2015,17,209,51,3932,19,0,419,52,179,23,1.2,61,45,42,0.5,0.8,0.6,HULL CITY_A_League,W 3-0,HULL CITY_A_League W 3-0,Cabella 39; Ameobi 49; Gouffran 77,364,7.3,15.2,141.7,2.8,5.7,507.1,6,24,84,25,236.6,2.8,9895,117.8,3853.9,77.1,160.6,3606.9,72.1,144.3,23,0,6,4.91,8,7,10.91685632,241,176,184,118
25/01/2015,17,210,0,0,0,0,0,0,0,0,0,61,45,27,0.3,0.8,0.6,HULL CITY_A_League,W 3-0,HULL CITY_A_League W 3-0,Cabella 39; Ameobi 49; Gouffran 77,364,7.3,15.2,141.7,2.8,5.7,507.1,6,24,84,25,236.6,2.8,9895,117.8,3853.9,77.1,160.6,3606.9,72.1,144.3,23,0,7,6.71,4,2,14.50784796,241,176,184,118
26/01/2015,17,211,84,7070,76,17,722,170,368,25,2.4,71,48,38,0.3,1,0.7,HULL CITY_A_League,W 3-0,HULL CITY_A_League W 3-0,Cabella 39; Ameobi 49; Gouffran 77,364,7.3,15.2,141.7,2.8,5.7,507.1,6,24,84,25,236.6,2.8,9895,117.8,3853.9,77.1,160.6,3606.9,72.1,144.3,23,0,8,4.58,3,7,13.03767719,344,202,239,152
27/01/2015,17,212,81,6194,179,65,655,130,427,28,2,71,51,50,0.4,1,0.6,HULL CITY_A_League,W 3-0,HULL CITY_A_League W 3-0,Cabella 39; Ameobi 49; Gouffran 77,364,7.3,15.2,141.7,2.8,5.7,507.1,6,24,84,25,236.6,2.8,9895,117.8,3853.9,77.1,160.6,3606.9,72.1,144.3,23,0,9,6.29,8,3,11.81143384,352,225,246,157
28/01/2015,17,213,0,0,0,0,0,0,0,0,0,71,51,35,0.2,1,0.6,HULL CITY_A_League,W 3-0,HULL CITY_A_League W 3-0,Cabella 39; Ameobi 49; Gouffran 77,364,7.3,15.2,141.7,2.8,5.7,507.1,6,24,84,25,236.6,2.8,9895,117.8,3853.9,77.1,160.6,3606.9,72.1,144.3,23,0,10,4.19,7,8,12.8303168,352,214,246,157
29/01/2015,17,214,66,4540,34,0,489,80,226,23,1.6,71,50,36,0.2,1.3,0.7,HULL CITY_A_League,W 3-0,HULL CITY_A_League W 3-0,Cabella 39; Ameobi 49; Gouffran 77,364,7.3,15.2,141.7,2.8,5.7,507.1,6,24,84,25,236.6,2.8,9895,117.8,3853.9,77.1,160.6,3606.9,72.1,144.3,23,0,11,6.46,1,5,14.14079307,421,231,296,190
30/01/2015,17,215,49,3056,19,0,332,49,117,23,1.5,72,49,42,0.2,1.3,0.7,HULL CITY_A_League,W 3-0,HULL CITY_A_League W 3-0,Cabella 39; Ameobi 49; Gouffran 77,364,7.3,15.2,141.7,2.8,5.7,507.1,6,24,84,25,236.6,2.8,9895,117.8,3853.9,77.1,160.6,3606.9,72.1,144.3,23,0,12,5.41,2,9,15.01100365,373,243,263,170
31/01/2015,17,216,84,9895,507,237,0,0,0,31,0,70,44,49,0.5,1.2,0.6,HULL CITY_A_League,W 3-0,HULL CITY_A_League W 3-0,Cabella 39; Ameobi 49; Gouffran 77,364,7.3,15.2,141.7,2.8,5.7,507.1,6,24,84,25,236.6,2.8,9895,117.8,3853.9,77.1,160.6,3606.9,72.1,144.3,23,1,13,4.78,6,4,14.53651325,314,243,219,142
01/02/2015,17,217,0,0,0,0,0,0,0,0,0,70,44,36,0.4,1.2,0.6,STOKE CITY_H_League,D 1-1,STOKE CITY_H_League D 1-1,Colback 73,433.9,10.1,21.7,337.6,5.9,12.5,818.3,8.4,20,97,27,425.5,4.4,10974.9,113.1,3324.2,77.3,166.2,3946.6,69.2,146.2,24,0,0,4.91,6,5,13.51447643,314,243,223,144
02/02/2015,17,218,0,0,0,0,0,0,0,0,0,70,44,36,0.4,0.9,0.6,STOKE CITY_H_League,D 1-1,STOKE CITY_H_League D 1-1,Colback 73,433.9,10.1,21.7,337.6,5.9,12.5,818.3,8.4,20,97,27,425.5,4.4,10974.9,113.1,3324.2,77.3,166.2,3946.6,69.2,146.2,24,0,1,6.59,6,3,13.81038053,210,243,164,113
03/02/2015,17,219,58,4136,5,0,467,59,184,21,1.3,67,37,37,0.4,0.9,0.4,STOKE CITY_H_League,D 1-1,STOKE CITY_H_League D 1-1,Colback 73,433.9,10.1,21.7,337.6,5.9,12.5,818.3,8.4,20,97,27,425.5,4.4,10974.9,113.1,3324.2,77.3,166.2,3946.6,69.2,146.2,24,0,2,6.33,5,1,13.03775313,184,239,142,87
04/02/2015,17,220,79,5936,377,145,631,79,519,27,1.3,75,48,38,0.5,1.1,0.6,STOKE CITY_H_League,D 1-1,STOKE CITY_H_League D 1-1,Colback 73,433.9,10.1,21.7,337.6,5.9,12.5,818.3,8.4,20,97,27,425.5,4.4,10974.9,113.1,3324.2,77.3,166.2,3946.6,69.2,146.2,24,0,3,5.06,1,8,16.34700227,274,261,212,117
05/02/2015,17,221,0,0,0,0,0,0,0,0,0,75,48,19,0.2,0.9,0.6,STOKE CITY_H_League,D 1-1,STOKE CITY_H_League D 1-1,Colback 73,433.9,10.1,21.7,337.6,5.9,12.5,818.3,8.4,20,97,27,425.5,4.4,10974.9,113.1,3324.2,77.3,166.2,3946.6,69.2,146.2,24,0,4,6.02,5,6,17.26908576,204,242,162,87
06/02/2015,17,222,74,5575,113,33,569,75,260,29,1.3,72,39,31,0.4,1,0.7,STOKE CITY_H_League,D 1-1,STOKE CITY_H_League D 1-1,Colback 73,433.9,10.1,21.7,337.6,5.9,12.5,818.3,8.4,20,97,27,425.5,4.4,10974.9,113.1,3324.2,77.3,166.2,3946.6,69.2,146.2,24,0,5,6.07,9,4,13.67475129,238,252,192,104
07/02/2015,17,223,35,2452,23,8,263,35,118,25,1.3,70,39,37,0.4,1,0.5,STOKE CITY_H_League,D 1-1,STOKE CITY_H_League D 1-1,Colback 73,433.9,10.1,21.7,337.6,5.9,12.5,818.3,8.4,20,97,27,425.5,4.4,10974.9,113.1,3324.2,77.3,166.2,3946.6,69.2,146.2,24,0,6,8.01,8,4,16.02273896,275,262,221,121
08/02/2015,17,224,97,10975,818,426,0,0,0,32,0,86,63,42,0.6,1.1,0.6,STOKE CITY_H_League,D 1-1,STOKE CITY_H_League D 1-1,Colback 73,433.9,10.1,21.7,337.6,5.9,12.5,818.3,8.4,20,97,27,425.5,4.4,10974.9,113.1,3324.2,77.3,166.2,3946.6,69.2,146.2,24,1,7,4.62,7,7,11.85200352,275,262,218,123
09/02/2015,17,225,0,0,0,0,0,0,0,0,0,76,61,36,0.5,1.1,0.6,CRYSTAL PALACE_A_League,D 1-1,CRYSTAL PALACE_A_League D 1-1,Cisse 41,301,6.3,12.5,174.3,3.4,7.3,496.2,5.4,24,92,24,164.9,1.8,10245,111.4,3398.6,70.8,141.6,3556.4,68.4,148.2,25,0,0,5.29,5,3,16.45443644,275,262,232,148
10/02/2015,17,226,32,2624,0,0,282,32,72,20,1.1,71,55,44,0.5,1,0.6,CRYSTAL PALACE_A_League,D 1-1,CRYSTAL PALACE_A_League D 1-1,Cisse 41,301,6.3,12.5,174.3,3.4,7.3,496.2,5.4,24,92,24,164.9,1.8,10245,111.4,3398.6,70.8,141.6,3556.4,68.4,148.2,25,0,1,6.27,4,6,9.844278269,249,250,214,138
11/02/2015,17,227,92,10245,496,165,0,0,0,32,0,86,70,44,0.6,1,0.6,CRYSTAL PALACE_A_League,D 1-1,CRYSTAL PALACE_A_League D 1-1,Cisse 41,301,6.3,12.5,174.3,3.4,7.3,496.2,5.4,24,92,24,164.9,1.8,10245,111.4,3398.6,70.8,141.6,3556.4,68.4,148.2,25,1,2,5.43,6,7,12.00513497,159,250,144,94
12/02/2015,17,228,0,0,0,0,0,0,0,0,0,79,69,43,0.6,1,0.6,MANCHESTER CITY_A_League,L 0-5,MANCHESTER CITY_A_League L 0-5,,350.6,7.5,13,214.7,4.1,6.9,568.4,6,27,94,31,133.4,1.4,10927.4,116.2,4244.9,90.3,157.2,4340.1,81.9,140,26,0,0,5.79,9,9,14.75887093,159,229,144,94
13/02/2015,17,229,0,0,0,0,0,0,0,0,0,75,68,25,0.2,0.8,0.6,MANCHESTER CITY_A_League,L 0-5,MANCHESTER CITY_A_League L 0-5,,350.6,7.5,13,214.7,4.1,6.9,568.4,6,27,94,31,133.4,1.4,10927.4,116.2,4244.9,90.3,157.2,4340.1,81.9,140,26,0,1,6.47,6,8,14.89367587,77,217,85,59
14/02/2015,17,230,0,0,0,0,0,0,0,0,0,60,54,31,0.3,0.7,0.6,MANCHESTER CITY_A_League,L 0-5,MANCHESTER CITY_A_League L 0-5,,350.6,7.5,13,214.7,4.1,6.9,568.4,6,27,94,31,133.4,1.4,10927.4,116.2,4244.9,90.3,157.2,4340.1,81.9,140,26,0,2,5.92,2,1,14.48678282,40,217,55,49
15/02/2015,17,231,0,0,0,0,0,0,0,0,0,60,54,24,0.3,0.5,0.4,MANCHESTER CITY_A_League,L 0-5,MANCHESTER CITY_A_League L 0-5,,350.6,7.5,13,214.7,4.1,6.9,568.4,6,27,94,31,133.4,1.4,10927.4,116.2,4244.9,90.3,157.2,4340.1,81.9,140,26,0,3,4.98,2,5,15.06598808,40,217,55,49
16/02/2015,17,232,62,5750,37,10,555,62,279,25,1.1,69,55,12,0,0.7,0.4,MANCHESTER CITY_A_League,L 0-5,MANCHESTER CITY_A_League L 0-5,,350.6,7.5,13,214.7,4.1,6.9,568.4,6,27,94,31,133.4,1.4,10927.4,116.2,4244.9,90.3,157.2,4340.1,81.9,140,26,0,4,7.83,4,1,8.947614724,119,237,98,53
17/02/2015,17,233,83,7364,439,237,734,84,543,30,1.1,73,67,26,0.2,0.8,0.6,MANCHESTER CITY_A_League,L 0-5,MANCHESTER CITY_A_League L 0-5,,350.6,7.5,13,214.7,4.1,6.9,568.4,6,27,94,31,133.4,1.4,10927.4,116.2,4244.9,90.3,157.2,4340.1,81.9,140,26,0,5,5.35,3,8,13.3077682,184,242,144,80
18/02/2015,17,234,0,0,0,0,0,0,0,0,0,65,56,29,0.2,0.6,0.4,MANCHESTER CITY_A_League,L 0-5,MANCHESTER CITY_A_League L 0-5,,350.6,7.5,13,214.7,4.1,6.9,568.4,6,27,94,31,133.4,1.4,10927.4,116.2,4244.9,90.3,157.2,4340.1,81.9,140,26,0,6,6.34,8,7,13.29860343,184,242,144,80
19/02/2015,17,235,69,5704,33,7,592,70,329,25,1.2,73,57,37,0.3,0.8,0.4,MANCHESTER CITY_A_League,L 0-5,MANCHESTER CITY_A_League L 0-5,,350.6,7.5,13,214.7,4.1,6.9,568.4,6,27,94,31,133.4,1.4,10927.4,116.2,4244.9,90.3,157.2,4340.1,81.9,140,26,0,7,6.17,6,5,13.62818961,268,263,199,115
20/02/2015,17,236,46,2988,4,0,308,140,123,21,4.5,69,54,45,0.3,1,0.5,MANCHESTER CITY_A_League,L 0-5,MANCHESTER CITY_A_League L 0-5,,350.6,7.5,13,214.7,4.1,6.9,568.4,6,27,94,31,133.4,1.4,10927.4,116.2,4244.9,90.3,157.2,4340.1,81.9,140,26,0,8,7.35,1,4,15.8269536,312,250,223,136
21/02/2015,17,237,94,10927,568,133,0,0,0,29,0,81,70,48,0.4,1.2,0.6,MANCHESTER CITY_A_League,L 0-5,MANCHESTER CITY_A_League L 0-5,,350.6,7.5,13,214.7,4.1,6.9,568.4,6,27,94,31,133.4,1.4,10927.4,116.2,4244.9,90.3,157.2,4340.1,81.9,140,26,1,9,4.97,5,1,12.81668488,312,235,223,136
22/02/2015,17,238,0,0,0,0,0,0,0,0,0,66,46,43,0.4,1.2,0.6,ASTON VILLA_H_League,W 1-0,ASTON VILLA_H_League W 1-0,Cisse 36,116.2,2.2,19.4,16.4,0.3,4.1,144.1,0,6,23,4,103,0,2939.2,0,996.7,19.2,166.1,940.2,19.6,235.1,27,0,0,5.29,2,8,12.9467448,312,235,223,136
23/02/2015,17,239,0,0,0,0,0,0,0,0,0,66,46,43,0.4,0.9,0.6,ASTON VILLA_H_League,W 1-0,ASTON VILLA_H_League W 1-0,Cisse 36,116.2,2.2,19.4,16.4,0.3,4.1,144.1,0,6,23,4,103,0,2939.2,0,996.7,19.2,166.1,940.2,19.6,235.1,27,0,1,5.33,1,1,12.67027301,233,209,174,116
24/02/2015,17,240,88,6809,190,66,723,89,362,27,1.2,72,52,42,0.4,0.9,0.5,ASTON VILLA_H_League,W 1-0,ASTON VILLA_H_League W 1-0,Cisse 36,116.2,2.2,19.4,16.4,0.3,4.1,144.1,0,6,23,4,103,0,2939.2,0,996.7,19.2,166.1,940.2,19.6,235.1,27,0,2,6.4,6,2,13.20789542,231,212,164,122
25/02/2015,17,241,0,0,0,0,0,0,0,0,0,57,37,45,0.6,0.9,0.5,ASTON VILLA_H_League,W 1-0,ASTON VILLA_H_League W 1-0,Cisse 36,116.2,2.2,19.4,16.4,0.3,4.1,144.1,0,6,23,4,103,0,2939.2,0,996.7,19.2,166.1,940.2,19.6,235.1,27,0,3,6.27,4,2,12.52247609,231,212,164,122
26/02/2015,17,242,76,6083,113,35,701,76,282,26,1.1,66,40,28,0.2,0.9,0.6,ASTON VILLA_H_League,W 1-0,ASTON VILLA_H_League W 1-0,Cisse 36,116.2,2.2,19.4,16.4,0.3,4.1,144.1,0,6,23,4,103,0,2939.2,0,996.7,19.2,166.1,940.2,19.6,235.1,27,0,4,5.43,1,5,14.43062416,247,219,170,120
27/02/2015,17,243,49,2656,52,16,295,49,159,25,1.7,69,42,32,0.2,0.9,0.6,ASTON VILLA_H_League,W 1-0,ASTON VILLA_H_League W 1-0,Cisse 36,116.2,2.2,19.4,16.4,0.3,4.1,144.1,0,6,23,4,103,0,2939.2,0,996.7,19.2,166.1,940.2,19.6,235.1,27,0,5,5.87,8,8,13.74728899,245,218,176,120
28/02/2015,17,244,23,2939,144,103,0,0,0,31,0,74,46,36,0.3,0.9,0.9,ASTON VILLA_H_League,W 1-0,ASTON VILLA_H_League W 1-0,Cisse 36,116.2,2.2,19.4,16.4,0.3,4.1,144.1,0,6,23,4,103,0,2939.2,0,996.7,19.2,166.1,940.2,19.6,235.1,27,1,6,5.88,3,1,15.47372318,245,218,176,120
01/03/2015,17,245,49,3342,10,0,379,49,165,22,1.3,79,46,28,0.2,1.2,0.9,MANCHESTER UNITED_H_League,L 0-1,MANCHESTER UNITED_H_League L 0-1,,100.3,2.9,12.5,126.9,2,11.5,229.3,0,8,35,11,116.6,0,4409.6,0,1217.4,34.8,152.2,1915.7,29.5,174.2,28,0,0,6.59,6,2,15.12706806,299,232,201,129
02/03/2015,17,246,74,4874,64,9,551,74,339,25,1.3,77,47,37,0.2,1.6,1.2,MANCHESTER UNITED_H_League,L 0-1,MANCHESTER UNITED_H_League L 0-1,,100.3,2.9,12.5,126.9,2,11.5,229.3,0,8,35,11,116.6,0,4409.6,0,1217.4,34.8,152.2,1915.7,29.5,174.2,28,0,1,6.69,4,2,13.68148051,378,251,238,144
03/03/2015,17,247,42,2539,23,8,280,43,131,24,1.5,70,35,33,0.2,1.7,1.1,MANCHESTER UNITED_H_League,L 0-1,MANCHESTER UNITED_H_League L 0-1,,100.3,2.9,12.5,126.9,2,11.5,229.3,0,8,35,11,116.6,0,4409.6,0,1217.4,34.8,152.2,1915.7,29.5,174.2,28,0,2,7.92,6,1,10.50895826,315,245,211,126
04/03/2015,17,248,35,4410,229,117,0,0,0,31,0,77,42,34,0.3,2.9,1.2,MANCHESTER UNITED_H_League,L 0-1,MANCHESTER UNITED_H_League L 0-1,,100.3,2.9,12.5,126.9,2,11.5,229.3,0,8,35,11,116.6,0,4409.6,0,1217.4,34.8,152.2,1915.7,29.5,174.2,28,1,3,5.85,2,3,11.08923872,315,222,211,126
05/03/2015,17,249,78,7679,304,51,792,78,425,29,1,79,50,41,0.4,2.2,1.1,EVERTON_A_League,L 0-3,EVERTON_A_League L 0-3,,154.3,3.1,11.9,110.6,2.2,7.4,264.9,0,13,48,15,70.5,0,5502.3,0,2035.4,41.5,156.6,2180.9,42.8,145.4,29,0,0,5.62,8,7,13.19037028,328,250,196,146
06/03/2015,17,250,0,0,0,0,0,0,0,0,0,75,50,37,0.4,1.6,0.9,EVERTON_A_League,L 0-3,EVERTON_A_League L 0-3,,154.3,3.1,11.9,110.6,2.2,7.4,264.9,0,13,48,15,70.5,0,5502.3,0,2035.4,41.5,156.6,2180.9,42.8,145.4,29,0,1,5.58,1,6,13.60392499,286,230,166,138
07/03/2015,17,251,0,0,0,0,0,0,0,0,0,59,33,35,0.5,1.2,0.7,EVERTON_A_League,L 0-3,EVERTON_A_League L 0-3,,154.3,3.1,11.9,110.6,2.2,7.4,264.9,0,13,48,15,70.5,0,5502.3,0,2035.4,41.5,156.6,2180.9,42.8,145.4,29,0,2,5.83,2,7,13.53732546,286,221,166,138
08/03/2015,17,252,0,0,0,0,0,0,0,0,0,59,33,29,0.5,0.9,0.7,EVERTON_A_League,L 0-3,EVERTON_A_League L 0-3,,154.3,3.1,11.9,110.6,2.2,7.4,264.9,0,13,48,15,70.5,0,5502.3,0,2035.4,41.5,156.6,2180.9,42.8,145.4,29,0,3,4.91,5,3,8.222711222,231,221,140,111
09/03/2015,17,253,70,6224,749,277,667,49,337,29,0.7,68,55,29,0.6,0.9,0.7,EVERTON_A_League,L 0-3,EVERTON_A_League L 0-3,,154.3,3.1,11.9,110.6,2.2,7.4,264.9,0,13,48,15,70.5,0,5502.3,0,2035.4,41.5,156.6,2180.9,42.8,145.4,29,0,4,7.1,9,9,13.33978399,248,244,134,102
10/03/2015,17,254,0,0,0,0,0,0,0,0,0,59,49,15,0.4,0.8,0.7,EVERTON_A_League,L 0-3,EVERTON_A_League L 0-3,,154.3,3.1,11.9,110.6,2.2,7.4,264.9,0,13,48,15,70.5,0,5502.3,0,2035.4,41.5,156.6,2180.9,42.8,145.4,29,0,5,6.88,4,9,12.28746321,208,234,162,118
11/03/2015,17,255,0,0,0,0,0,0,0,0,0,59,49,15,0.4,0.6,0.5,EVERTON_A_League,L 0-3,EVERTON_A_League L 0-3,,154.3,3.1,11.9,110.6,2.2,7.4,264.9,0,13,48,15,70.5,0,5502.3,0,2035.4,41.5,156.6,2180.9,42.8,145.4,29,0,6,6.28,2,6,10.75880604,208,234,167,120
12/03/2015,17,256,0,0,0,0,0,0,0,0,0,50,46,18,0.5,0.4,0.4,EVERTON_A_League,L 0-3,EVERTON_A_League L 0-3,,154.3,3.1,11.9,110.6,2.2,7.4,264.9,0,13,48,15,70.5,0,5502.3,0,2035.4,41.5,156.6,2180.9,42.8,145.4,29,0,7,6.56,7,7,13.43867164,95,234,121,82
13/03/2015,17,257,79,6537,53,16,636,0,317,27,0,55,46,33,0.5,0.6,0.4,EVERTON_A_League,L 0-3,EVERTON_A_League L 0-3,,154.3,3.1,11.9,110.6,2.2,7.4,264.9,0,13,48,15,70.5,0,5502.3,0,2035.4,41.5,156.6,2180.9,42.8,145.4,29,0,8,7.73,7,9,11.5973606,186,257,180,118
14/03/2015,17,258,39,2907,27,6,332,40,140,24,1.2,55,43,25,0.1,0.7,0.4,EVERTON_A_League,L 0-3,EVERTON_A_League L 0-3,,154.3,3.1,11.9,110.6,2.2,7.4,264.9,0,13,48,15,70.5,0,5502.3,0,2035.4,41.5,156.6,2180.9,42.8,145.4,29,0,9,5.56,3,5,13.87049546,233,269,211,137
15/03/2015,17,259,48,5502,265,71,0,0,0,30,0,59,50,37,0.2,1,0.6,EVERTON_A_League,L 0-3,EVERTON_A_League L 0-3,,154.3,3.1,11.9,110.6,2.2,7.4,264.9,0,13,48,15,70.5,0,5502.3,0,2035.4,41.5,156.6,2180.9,42.8,145.4,29,1,10,4.62,6,9,10.64121892,233,269,211,137
16/03/2015,17,260,0,0,0,0,0,0,0,0,0,52,48,42,0.2,0.7,0.5,ARSE0L_H_League,L 1-2,ARSE0L_H_League L 1-2,Sissoko 47,699.8,13.5,25,389.6,8.1,15,1148.3,12,28,96,26,641.8,6.7,11222.7,116.9,4606.4,88.6,164.5,3642.2,75.9,140.1,30,0,0,5.15,1,5,13.75727676,138,249,174,120
17/03/2015,17,261,46,4142,5,0,454,47,275,21,1,54,48,51,0.2,1,0.5,ARSE0L_H_League,L 1-2,ARSE0L_H_League L 1-2,Sissoko 47,699.8,13.5,25,389.6,8.1,15,1148.3,12,28,96,26,641.8,6.7,11222.7,116.9,4606.4,88.6,164.5,3642.2,75.9,140.1,30,0,1,4.71,1,9,14.91502049,203,239,148,106
18/03/2015,17,262,0,0,0,0,0,0,0,0,0,47,41,38,0.2,1,0.5,ARSE0L_H_League,L 1-2,ARSE0L_H_League L 1-2,Sissoko 47,699.8,13.5,25,389.6,8.1,15,1148.3,12,28,96,26,641.8,6.7,11222.7,116.9,4606.4,88.6,164.5,3642.2,75.9,140.1,30,0,2,5.8,5,7,9.159389343,203,239,142,100
19/03/2015,17,263,80,5521,123,55,567,81,258,27,1.4,44,36,49,0.3,1.3,0.7,ARSE0L_H_League,L 1-2,ARSE0L_H_League L 1-2,Sissoko 47,699.8,13.5,25,389.6,8.1,15,1148.3,12,28,96,26,641.8,6.7,11222.7,116.9,4606.4,88.6,164.5,3642.2,75.9,140.1,30,0,3,5.64,1,4,15.779481,284,238,200,136
20/03/2015,17,264,51,3346,88,29,357,52,149,26,1.5,49,38,38,0.2,1.3,0.7,ARSE0L_H_League,L 1-2,ARSE0L_H_League L 1-2,Sissoko 47,699.8,13.5,25,389.6,8.1,15,1148.3,12,28,96,26,641.8,6.7,11222.7,116.9,4606.4,88.6,164.5,3642.2,75.9,140.1,30,0,4,6.89,2,3,15.39399038,244,240,173,121
21/03/2015,17,265,96,11223,1148,642,0,0,0,32,0,65,72,53,0.6,1.1,0.6,ARSE0L_H_League,L 1-2,ARSE0L_H_League L 1-2,Sissoko 47,699.8,13.5,25,389.6,8.1,15,1148.3,12,28,96,26,641.8,6.7,11222.7,116.9,4606.4,88.6,164.5,3642.2,75.9,140.1,30,1,5,6.01,9,1,10.28257158,196,240,143,103
22/03/2015,17,266,0,0,0,0,0,0,0,0,0,65,72,44,0.6,0.8,0.5,SUNDERLAND_A_League,L 0-1,SUNDERLAND_A_League L 0-1,,495.3,9.7,22.5,350.4,7.2,15.2,866.5,9,22,96,23,405.7,4.2,10233.3,106.6,3469.6,68,157.7,3107,63.4,135.1,31,0,0,5.55,5,5,11.87250717,196,240,143,103
23/03/2015,17,267,0,0,0,0,0,0,0,0,0,56,50,51,0.8,0.8,0.5,SUNDERLAND_A_League,L 0-1,SUNDERLAND_A_League L 0-1,,495.3,9.7,22.5,350.4,7.2,15.2,866.5,9,22,96,23,405.7,4.2,10233.3,106.6,3469.6,68,157.7,3107,63.4,135.1,31,0,1,4.81,9,6,11.63351648,196,240,137,95
24/03/2015,17,268,63,5268,78,20,574,64,402,27,1.1,64,52,45,0.7,0.9,0.5,SUNDERLAND_A_League,L 0-1,SUNDERLAND_A_League L 0-1,,495.3,9.7,22.5,350.4,7.2,15.2,866.5,9,22,96,23,405.7,4.2,10233.3,106.6,3469.6,68,157.7,3107,63.4,135.1,31,0,2,4.25,8,5,12.54809076,214,235,153,106
25/03/2015,17,269,0,0,0,0,0,0,0,0,0,64,52,37,0.7,0.9,0.5,SUNDERLAND_A_League,L 0-1,SUNDERLAND_A_League L 0-1,,495.3,9.7,22.5,350.4,7.2,15.2,866.5,9,22,96,23,405.7,4.2,10233.3,106.6,3469.6,68,157.7,3107,63.4,135.1,31,0,3,6.56,3,2,14.89584075,214,235,153,106
26/03/2015,17,270,69,5411,278,110,592,70,347,28,1.2,72,60,21,0.2,0.9,0.5,SUNDERLAND_A_League,L 0-1,SUNDERLAND_A_League L 0-1,,495.3,9.7,22.5,350.4,7.2,15.2,866.5,9,22,96,23,405.7,4.2,10233.3,106.6,3469.6,68,157.7,3107,63.4,135.1,31,0,4,7.11,9,3,13.79982009,217,231,142,112
27/03/2015,17,271,72,7241,448,213,715,72,373,32,1,73,72,35,0.3,1,0.7,SUNDERLAND_A_League,L 0-1,SUNDERLAND_A_League L 0-1,,495.3,9.7,22.5,350.4,7.2,15.2,866.5,9,22,96,23,405.7,4.2,10233.3,106.6,3469.6,68,157.7,3107,63.4,135.1,31,0,5,6.56,1,8,16.69431855,268,246,167,147
28/03/2015,17,272,0,0,0,0,0,0,0,0,0,69,71,38,0.3,0.8,0.6,SUNDERLAND_A_League,L 0-1,SUNDERLAND_A_League L 0-1,,495.3,9.7,22.5,350.4,7.2,15.2,866.5,9,22,96,23,405.7,4.2,10233.3,106.6,3469.6,68,157.7,3107,63.4,135.1,31,0,6,6.5,8,4,12.32755254,268,246,167,147
29/03/2015,17,273,0,0,0,0,0,0,0,0,0,61,63,30,0.3,0.8,0.6,SUNDERLAND_A_League,L 0-1,SUNDERLAND_A_League L 0-1,,495.3,9.7,22.5,350.4,7.2,15.2,866.5,9,22,96,23,405.7,4.2,10233.3,106.6,3469.6,68,157.7,3107,63.4,135.1,31,0,7,6.62,5,8,12.97183805,268,232,167,147
30/03/2015,17,274,56,4737,61,19,464,57,276,31,1.2,67,65,37,0.4,1,0.7,SUNDERLAND_A_League,L 0-1,SUNDERLAND_A_League L 0-1,,495.3,9.7,22.5,350.4,7.2,15.2,866.5,9,22,96,23,405.7,4.2,10233.3,106.6,3469.6,68,157.7,3107,63.4,135.1,31,0,8,7.61,8,5,14.65414165,335,229,201,175
31/03/2015,17,275,70,5567,70,6,602,70,364,24,1.2,70,67,36,0.3,1,0.7,SUNDERLAND_A_League,L 0-1,SUNDERLAND_A_League L 0-1,,495.3,9.7,22.5,350.4,7.2,15.2,866.5,9,22,96,23,405.7,4.2,10233.3,106.6,3469.6,68,157.7,3107,63.4,135.1,31,0,9,6.2,2,8,15.65983171,339,241,198,173
01/04/2015,17,276,77,6435,172,52,667,77,443,28,1.2,79,72,31,0.1,1.4,0.9,SUNDERLAND_A_League,L 0-1,SUNDERLAND_A_League L 0-1,,495.3,9.7,22.5,350.4,7.2,15.2,866.5,9,22,96,23,405.7,4.2,10233.3,106.6,3469.6,68,157.7,3107,63.4,135.1,31,0,10,5.32,8,9,11.59394789,434,264,258,214
02/04/2015,17,277,0,0,0,0,0,0,0,0,0,71,68,34,0.1,1,0.7,SUNDERLAND_A_League,L 0-1,SUNDERLAND_A_League L 0-1,,495.3,9.7,22.5,350.4,7.2,15.2,866.5,9,22,96,23,405.7,4.2,10233.3,106.6,3469.6,68,157.7,3107,63.4,135.1,31,0,11,4.88,6,3,13.02022026,349,236,210,173
03/04/2015,17,278,72,4493,51,25,562,73,215,27,1.3,72,67,42,0.2,1,0.8,SUNDERLAND_A_League,L 0-1,SUNDERLAND_A_League L 0-1,,495.3,9.7,22.5,350.4,7.2,15.2,866.5,9,22,96,23,405.7,4.2,10233.3,106.6,3469.6,68,157.7,3107,63.4,135.1,31,0,12,5.41,7,9,10.11107082,327,256,203,148
04/04/2015,17,279,58,3041,74,25,330,58,156,27,1.8,61,36,46,0.3,1.3,1.1,SUNDERLAND_A_League,L 0-1,SUNDERLAND_A_League L 0-1,,495.3,9.7,22.5,350.4,7.2,15.2,866.5,9,22,96,23,405.7,4.2,10233.3,106.6,3469.6,68,157.7,3107,63.4,135.1,31,0,13,6.69,2,7,10.75130074,375,268,238,169
05/04/2015,17,280,96,10233,867,406,0,0,0,31,0,75,61,46,0.6,1.6,0.6,SUNDERLAND_A_League,L 0-1,SUNDERLAND_A_League L 0-1,,495.3,9.7,22.5,350.4,7.2,15.2,866.5,9,22,96,23,405.7,4.2,10233.3,106.6,3469.6,68,157.7,3107,63.4,135.1,31,1,14,5.3,9,5,11.08576727,375,268,238,169
06/04/2015,17,281,0,0,0,0,0,0,0,0,0,75,61,34,0.5,1.2,0.6,LIVERPOOL_A_League,L 0-2,LIVERPOOL_A_League L 0-2,,409,10,19.5,274.4,4.7,9.8,697.4,8.1,21,86,28,312.6,3.6,9916,115.3,3509.1,85.6,167.1,3854.8,65.3,137.7,32,0,0,5.75,9,3,12.05977557,308,244,211,152
07/04/2015,17,282,0,0,0,0,0,0,0,0,0,68,59,38,0.5,0.9,0.5,LIVERPOOL_A_League,L 0-2,LIVERPOOL_A_League L 0-2,,409,10,19.5,274.4,4.7,9.8,697.4,8.1,21,86,28,312.6,3.6,9916,115.3,3509.1,85.6,167.1,3854.8,65.3,137.7,32,0,1,5.64,3,9,16.32603331,222,244,162,114
08/04/2015,17,283,80,6436,42,0,642,81,362,22,1.3,77,60,37,0.5,0.9,0.5,LIVERPOOL_A_League,L 0-2,LIVERPOOL_A_League L 0-2,,409,10,19.5,274.4,4.7,9.8,697.4,8.1,21,86,28,312.6,3.6,9916,115.3,3509.1,85.6,167.1,3854.8,65.3,137.7,32,0,2,6.32,9,2,11.25976762,219,267,169,114
09/04/2015,17,284,94,7411,219,115,776,95,387,29,1.2,80,59,43,0.6,1.2,0.6,LIVERPOOL_A_League,L 0-2,LIVERPOOL_A_League L 0-2,,409,10,19.5,274.4,4.7,9.8,697.4,8.1,21,86,28,312.6,3.6,9916,115.3,3509.1,85.6,167.1,3854.8,65.3,137.7,32,0,3,6.73,3,2,13.72839321,330,295,255,156
10/04/2015,17,285,0,0,0,0,0,0,0,0,0,70,45,29,0.2,0.9,0.5,LIVERPOOL_A_League,L 0-2,LIVERPOOL_A_League L 0-2,,409,10,19.5,274.4,4.7,9.8,697.4,8.1,21,86,28,312.6,3.6,9916,115.3,3509.1,85.6,167.1,3854.8,65.3,137.7,32,0,4,6.11,9,4,10.95235612,249,272,200,122
11/04/2015,17,286,80,5351,51,17,581,81,285,25,1.4,77,47,36,0.2,1,0.5,LIVERPOOL_A_League,L 0-2,LIVERPOOL_A_League L 0-2,,409,10,19.5,274.4,4.7,9.8,697.4,8.1,21,86,28,312.6,3.6,9916,115.3,3509.1,85.6,167.1,3854.8,65.3,137.7,32,0,5,6.12,1,3,11.158226,285,281,224,132
12/04/2015,17,287,49,3768,116,23,400,50,169,26,1.3,83,50,40,0.2,1,0.8,LIVERPOOL_A_League,L 0-2,LIVERPOOL_A_League L 0-2,,409,10,19.5,274.4,4.7,9.8,697.4,8.1,21,86,28,312.6,3.6,9916,115.3,3509.1,85.6,167.1,3854.8,65.3,137.7,32,0,6,4.41,3,4,11.84537312,342,295,263,153
13/04/2015,17,288,86,9916,697,313,0,0,0,33,0,90,69,42,0.5,1.3,0.6,LIVERPOOL_A_League,L 0-2,LIVERPOOL_A_League L 0-2,,409,10,19.5,274.4,4.7,9.8,697.4,8.1,21,86,28,312.6,3.6,9916,115.3,3509.1,85.6,167.1,3854.8,65.3,137.7,32,1,7,6.16,1,8,10.99664115,342,295,249,145
14/04/2015,17,289,0,0,0,0,0,0,0,0,0,82,67,33,0.4,1.3,0.6,TOTTENHAM HOTSPUR_H_League,L 1-3,TOTTENHAM HOTSPUR_H_League L 1-3,Colback 45,387.5,9.7,17.6,81.3,1.4,2.5,518,5.6,22,93,33,244.6,2.6,10675.1,114.8,3675.2,91.9,167.1,4203.9,70.1,127.4,33,0,0,6.89,4,1,12.69375303,342,279,264,147
15/04/2015,17,290,61,3771,0,0,412,62,194,20,1.5,78,62,42,0.4,1.2,0.6,TOTTENHAM HOTSPUR_H_League,L 1-3,TOTTENHAM HOTSPUR_H_League L 1-3,Colback 45,387.5,9.7,17.6,81.3,1.4,2.5,518,5.6,22,93,33,244.6,2.6,10675.1,114.8,3675.2,91.9,167.1,4203.9,70.1,127.4,33,0,1,4.88,3,2,15.34383679,309,294,234,136
16/04/2015,17,291,0,0,0,0,0,0,0,0,0,78,62,32,0.4,0.9,0.5,TOTTENHAM HOTSPUR_H_League,L 1-3,TOTTENHAM HOTSPUR_H_League L 1-3,Colback 45,387.5,9.7,17.6,81.3,1.4,2.5,518,5.6,22,93,33,244.6,2.6,10675.1,114.8,3675.2,91.9,167.1,4203.9,70.1,127.4,33,0,2,5.49,1,9,12.31557174,199,274,149,92
17/04/2015,17,292,86,5512,71,39,583,87,236,27,1.5,80,62,35,0.4,1.2,0.5,TOTTENHAM HOTSPUR_H_League,L 1-3,TOTTENHAM HOTSPUR_H_League L 1-3,Colback 45,387.5,9.7,17.6,81.3,1.4,2.5,518,5.6,22,93,33,244.6,2.6,10675.1,114.8,3675.2,91.9,167.1,4203.9,70.1,127.4,33,0,3,7.31,6,1,10.6600779,282,282,217,132
18/04/2015,17,293,0,0,0,0,0,0,0,0,0,75,60,18,0,0.9,0.5,TOTTENHAM HOTSPUR_H_League,L 1-3,TOTTENHAM HOTSPUR_H_League L 1-3,Colback 45,387.5,9.7,17.6,81.3,1.4,2.5,518,5.6,22,93,33,244.6,2.6,10675.1,114.8,3675.2,91.9,167.1,4203.9,70.1,127.4,33,0,4,6.11,5,4,14.03467819,199,282,158,98
19/04/2015,17,294,0,0,0,0,0,0,0,0,0,61,35,22,0.1,0.7,0.4,TOTTENHAM HOTSPUR_H_League,L 1-3,TOTTENHAM HOTSPUR_H_League L 1-3,Colback 45,387.5,9.7,17.6,81.3,1.4,2.5,518,5.6,22,93,33,244.6,2.6,10675.1,114.8,3675.2,91.9,167.1,4203.9,70.1,127.4,33,1,5,7.38,8,2,12.10725978,142,282,120,80
20/04/2015,17,295,0,0,0,0,0,0,0,0,0,61,35,13,0.1,0.6,0.4,0,0,0,0,0,0,0,0,0,0,0,0,0,0,0,0,0,0,0,0,0,0,0,0,0,34,0,0,5.71,6,1,10.61135566,142,282,120,80
21/04/2015,17,296,0,0,0,0,0,0,0,0,0,61,35,13,0.1,0.6,0.4,0,0,0,0,0,0,0,0,0,0,0,0,0,0,0,0,0,0,0,0,0,0,0,0,0,34,0,1,5.12,8,1,16.11072243,142,261,104,72
22/04/2015,17,297,0,0,0,0,0,0,0,0,0,51,34,0,0,0.4,0.4,0,0,0,0,0,0,0,0,0,0,0,0,0,0,0,0,0,0,0,0,0,0,0,0,0,34,0,2,5.03,6,4,11.36250501,83,261,67,44
23/04/2015,17,298,0,0,0,0,0,0,0,0,0,41,27,0,0,0.4,0.4,0,0,0,0,0,0,0,0,0,0,0,0,0,0,0,0,0,0,0,0,0,0,0,0,0,34,0,3,5.12,9,3,11.77628206,83,240,67,44
24/04/2015,17,299,0,0,0,0,0,0,0,0,0,41,27,0,0,0,0,0,0,0,0,0,0,0,0,0,0,0,0,0,0,0,0,0,0,0,0,0,0,0,0,0,34,0,4,5.68,3,7,14.94142638,0,214,0,0
25/04/2015,17,300,0,0,0,0,0,0,0,0,0,33,26,0,0,0,0,0,0,0,0,0,0,0,0,0,0,0,0,0,0,0,0,0,0,0,0,0,0,0,0,0,34,0,5,5.86,1,2,16.08614335,0,214,0,0
26/04/2015,17,301,0,0,0,0,0,0,0,0,0,28,22,0,0,0,0,0,0,0,0,0,0,0,0,0,0,0,0,0,0,0,0,0,0,0,0,0,0,0,0,0,34,0,6,6.59,9,2,11.19210597,0,214,0,0
27/04/2015,17,302,0,0,0,0,0,0,0,0,0,13,2,0,0,0,0,0,0,0,0,0,0,0,0,0,0,0,0,0,0,0,0,0,0,0,0,0,0,0,0,0,34,0,7,6.87,3,5,12.51940082,0,198,23,31
28/04/2015,17,303,81,6025,91,14,614,81,337,27,1.3,22,5,39,0.6,0.4,0.4,0,0,0,0,0,0,0,0,0,0,0,0,0,0,0,0,0,0,0,0,0,0,0,0,0,34,0,8,6.23,3,8,14.2040351,87,198,91,48
29/04/2015,17,304,0,0,0,0,0,0,0,0,0,17,5,52,0.6,0.4,0.4,0,0,0,0,0,0,0,0,0,0,0,0,0,0,0,0,0,0,0,0,0,0,0,0,0,34,0,9,4.06,9,5,10.89075154,87,175,91,48
30/04/2015,17,305,77,5987,51,0,631,78,314,24,1.2,25,6,69,0.7,0.6,0.6,0,0,0,0,0,0,0,0,0,0,0,0,0,0,0,0,0,0,0,0,0,0,0,0,0,34,0,10,6.03,5,8,13.00909719,177,197,148,73
01/05/2015,17,306,0,0,0,0,0,0,0,0,0,17,4,100,1,0.6,0.6,0,0,0,0,0,0,0,0,0,0,0,0,0,0,0,0,0,0,0,0,0,0,0,0,0,34,0,11,6.05,7,7,13.42113973,177,177,156,81
02/05/2015,17,307,0,0,0,0,0,0,0,0,0,17,4,100,1,0.6,0.6,0,0,0,0,0,0,0,0,0,0,0,0,0,0,0,0,0,0,0,0,0,0,0,0,0,34,0,12,6.75,4,5,11.33004825,177,165,156,81
03/05/2015,17,308,0,0,0,0,0,0,0,0,0,17,4,50,0.4,0.6,0.6,0,0,0,0,0,0,0,0,0,0,0,0,0,0,0,0,0,0,0,0,0,0,0,0,0,34,0,13,5.53,7,3,12.42637709,177,165,156,81
04/05/2015,17,309,0,0,0,0,0,0,0,0,0,17,4,50,0.4,0.6,0.6,0,0,0,0,0,0,0,0,0,0,0,0,0,0,0,0,0,0,0,0,0,0,0,0,0,34,0,14,5.53,9,4,16.17680693,177,165,143,85
05/05/2015,17,310,105,7335,195,78,739,105,507,32,1.4,28,10,38,0.6,0.6,0.5,0,0,0,0,0,0,0,0,0,0,0,0,0,0,0,0,0,0,0,0,0,0,0,0,0,34,0,15,5.05,1,6,8.85604681,195,192,136,87
06/05/2015,17,311,0,0,0,0,0,0,0,0,0,28,10,38,0.6,0.6,0.5,0,0,0,0,0,0,0,0,0,0,0,0,0,0,0,0,0,0,0,0,0,0,0,0,0,34,0,16,5.61,4,4,14.53979479,195,169,139,84
07/05/2015,17,312,87,5190,242,72,518,88,320,29,1.7,35,17,51,0.8,0.6,0.6,0,0,0,0,0,0,0,0,0,0,0,0,0,0,0,0,0,0,0,0,0,0,0,0,0,34,0,17,6.88,5,1,10.07765072,179,159,133,77
08/05/2015,17,313,0,0,0,0,0,0,0,0,0,35,17,51,0.8,0.6,0.6,0,0,0,0,0,0,0,0,0,0,0,0,0,0,0,0,0,0,0,0,0,0,0,0,0,34,0,18,6.34,2,4,12.31791471,179,159,125,71
09/05/2015,17,314,0,0,0,0,0,0,0,0,0,35,17,51,0.8,0.6,0.6,0,0,0,0,0,0,0,0,0,0,0,0,0,0,0,0,0,0,0,0,0,0,0,0,0,34,0,19,4.11,2,4,13.71996412,179,139,125,71
10/05/2015,17,315,0,0,0,0,0,0,0,0,0,35,17,21,0.4,0.6,0.6,0,0,0,0,0,0,0,0,0,0,0,0,0,0,0,0,0,0,0,0,0,0,0,0,0,34,0,20,5.84,5,9,9.455544365,179,124,125,71
11/05/2015,17,316,0,0,0,0,0,0,0,0,0,35,17,21,0.4,0.6,0.6,0,0,0,0,0,0,0,0,0,0,0,0,0,0,0,0,0,0,0,0,0,0,0,0,0,34,0,21,6.59,8,7,15.99831326,179,124,120,71
12/05/2015,17,317,0,0,0,0,0,0,0,0,0,27,14,0,0,0.4,0.4,0,0,0,0,0,0,0,0,0,0,0,0,0,0,0,0,0,0,0,0,0,0,0,0,0,34,0,22,5.17,4,8,13.1603915,74,124,63,41
13/05/2015,17,318,0,0,0,0,0,0,0,0,0,27,14,0,0,0.4,0.4,0,0,0,0,0,0,0,0,0,0,0,0,0,0,0,0,0,0,0,0,0,0,0,0,0,34,0,23,5.84,2,9,14.21710065,74,110,60,34
14/05/2015,17,319,0,0,0,0,0,0,0,0,0,18,13,0,0,0,0,0,0,0,0,0,0,0,0,0,0,0,0,0,0,0,0,0,0,0,0,0,0,0,0,0,34,0,24,6.78,7,6,9.529700834,0,110,8,31
15/05/2015,17,320,0,0,0,0,0,0,0,0,0,18,13,0,0,0,0,0,0,0,0,0,0,0,0,0,0,0,0,0,0,0,0,0,0,0,0,0,0,0,0,0,34,0,25,5.3,4,4,16.12874051,0,89,8,31
16/05/2015,17,321,0,0,0,0,0,0,0,0,0,18,13,0,0,0,0,0,0,0,0,0,0,0,0,0,0,0,0,0,0,0,0,0,0,0,0,0,0,0,0,0,34,0,26,5.58,3,7,10.38455602,0,89,8,31
17/05/2015,17,322,0,0,0,0,0,0,0,0,0,18,13,0,0,0,0,0,0,0,0,0,0,0,0,0,0,0,0,0,0,0,0,0,0,0,0,0,0,0,0,0,34,0,27,5.04,1,2,14.00908425,0,89,8,31
18/05/2015,17,323,0,0,0,0,0,0,0,0,0,18,13,0,0,0,0,0,0,0,0,0,0,0,0,0,0,0,0,0,0,0,0,0,0,0,0,0,0,0,0,0,34,0,28,7.83,3,9,9.982272993,0,89,4,14
19/05/2015,17,324,0,0,0,0,0,0,0,0,0,7,7,0,0,0,0,0,0,0,0,0,0,0,0,0,0,0,0,0,0,0,0,0,0,0,0,0,0,0,0,0,34,0,29,6.79,1,9,11.81011845,0,89,0,0
20/05/2015,17,325,0,0,0,0,0,0,0,0,0,7,7,0,0,0,0,0,0,0,0,0,0,0,0,0,0,0,0,0,0,0,0,0,0,0,0,0,0,0,0,0,34,0,30,4.11,7,4,10.33426311,0,89,0,0
21/05/2015,17,326,0,0,0,0,0,0,0,0,0,0,0,0,0,0,0,0,0,0,0,0,0,0,0,0,0,0,0,0,0,0,0,0,0,0,0,0,0,0,0,0,34,0,31,5.69,8,8,13.60782881,0,89,0,0
22/05/2015,17,327,0,0,0,0,0,0,0,0,0,0,0,0,0,0,0,0,0,0,0,0,0,0,0,0,0,0,0,0,0,0,0,0,0,0,0,0,0,0,0,0,34,0,32,6.42,5,4,13.75927331,0,89,0,0
23/05/2015,17,328,0,0,0,0,0,0,0,0,0,0,0,0,0,0,0,0,0,0,0,0,0,0,0,0,0,0,0,0,0,0,0,0,0,0,0,0,0,0,0,0,34,0,33,6.88,4,4,15.81563421,0,89,0,0
24/05/2015,17,329,0,0,0,0,0,0,0,0,0,0,0,0,0,0,0,0,0,0,0,0,0,0,0,0,0,0,0,0,0,0,0,0,0,0,0,0,0,0,0,0,34,0,34,6.19,7,8,14.49295463,0,89,0,0
25/05/2015,17,330,0,0,0,0,0,0,0,0,0,0,0,0,0,0,0,0,0,0,0,0,0,0,0,0,0,0,0,0,0,0,0,0,0,0,0,0,0,0,0,0,34,0,35,3.68,4,5,16.87727916,0,89,0,0
26/05/2015,17,331,0,0,0,0,0,0,0,0,0,0,0,0,0,0,0,0,0,0,0,0,0,0,0,0,0,0,0,0,0,0,0,0,0,0,0,0,0,0,0,0,34,0,36,7.09,4,9,8.96676296,0,67,0,0
27/05/2015,17,332,0,0,0,0,0,0,0,0,0,0,0,0,0,0,0,0,0,0,0,0,0,0,0,0,0,0,0,0,0,0,0,0,0,0,0,0,0,0,0,0,34,0,37,4.96,3,1,13.74196562,0,67,0,0
28/05/2015,17,333,0,0,0,0,0,0,0,0,0,0,0,0,0,0,0,0,0,0,0,0,0,0,0,0,0,0,0,0,0,0,0,0,0,0,0,0,0,0,0,0,34,0,38,5.38,2,5,12.21011517,0,44,0,0
29/05/2015,17,334,0,0,0,0,0,0,0,0,0,0,0,0,0,0,0,0,0,0,0,0,0,0,0,0,0,0,0,0,0,0,0,0,0,0,0,0,0,0,0,0,34,0,39,6.87,7,4,12.92915037,0,44,0,0
30/05/2015,17,335,0,0,0,0,0,0,0,0,0,0,0,0,0,0,0,0,0,0,0,0,0,0,0,0,0,0,0,0,0,0,0,0,0,0,0,0,0,0,0,0,34,0,40,6.04,2,3,14.70066638,0,44,0,0
31/05/2015,17,336,0,0,0,0,0,0,0,0,0,0,0,0,0,0,0,0,0,0,0,0,0,0,0,0,0,0,0,0,0,0,0,0,0,0,0,0,0,0,0,0,34,0,41,6.13,1,2,16.38739743,0,44,0,0
